country_code,country_name,year,value
Z4,East Asia & Pacific,2023,2.2
Z4,East Asia & Pacific,2022,2.4
Z4,East Asia & Pacific,2021,2.6
Z4,East Asia & Pacific,2020,2.7
Z4,East Asia & Pacific,2019,2.6
Z4,East Asia & Pacific,2018,3.3
Z4,East Asia & Pacific,2017,4.2
Z4,East Asia & Pacific,2016,5.1
Z4,East Asia & Pacific,2015,6.1
Z4,East Asia & Pacific,2014,7.8
Z4,East Asia & Pacific,2013,9.1
Z4,East Asia & Pacific,2012,13.5
Z4,East Asia & Pacific,2011,15.5
Z4,East Asia & Pacific,2010,18.8
Z4,East Asia & Pacific,2009,21.5
Z4,East Asia & Pacific,2008,23.5
Z4,East Asia & Pacific,2007,25.2
Z4,East Asia & Pacific,2006,27.8
Z4,East Asia & Pacific,2005,29
Z4,East Asia & Pacific,2004,33.1
Z4,East Asia & Pacific,2003,36.5
Z4,East Asia & Pacific,2002,40.2
Z4,East Asia & Pacific,2001,44.2
Z4,East Asia & Pacific,2000,46.8
Z4,East Asia & Pacific,1999,49.1
Z4,East Asia & Pacific,1998,51.5
Z4,East Asia & Pacific,1997,51
Z4,East Asia & Pacific,1996,51.6
Z4,East Asia & Pacific,1995,55.2
Z4,East Asia & Pacific,1994,58.7
Z4,East Asia & Pacific,1993,62.5
Z4,East Asia & Pacific,1992,64.2
Z4,East Asia & Pacific,1991,65.9
Z4,East Asia & Pacific,1990,67
Z7,Europe & Central Asia,2023,0.6
Z7,Europe & Central Asia,2022,0.7
Z7,Europe & Central Asia,2021,0.8
Z7,Europe & Central Asia,2020,0.8
Z7,Europe & Central Asia,2019,0.8
Z7,Europe & Central Asia,2018,0.8
Z7,Europe & Central Asia,2017,1
Z7,Europe & Central Asia,2016,1
Z7,Europe & Central Asia,2015,1.2
Z7,Europe & Central Asia,2014,1.2
Z7,Europe & Central Asia,2013,1.1
Z7,Europe & Central Asia,2012,3.6
Z7,Europe & Central Asia,2011,3.6
Z7,Europe & Central Asia,2010,3.8
Z7,Europe & Central Asia,2009,3.7
Z7,Europe & Central Asia,2008,3.7
Z7,Europe & Central Asia,2007,4
Z7,Europe & Central Asia,2006,4.4
Z7,Europe & Central Asia,2005,5
Z7,Europe & Central Asia,2004,5.1
Z7,Europe & Central Asia,2003,5.9
Z7,Europe & Central Asia,2002,6.2
Z7,Europe & Central Asia,2001,6.9
Z7,Europe & Central Asia,2000,7.6
Z7,Europe & Central Asia,1999,8.7
Z7,Europe & Central Asia,1998,7
Z7,Europe & Central Asia,1997,6.8
Z7,Europe & Central Asia,1996,7.5
Z7,Europe & Central Asia,1995,7.3
Z7,Europe & Central Asia,1994,7.6
Z7,Europe & Central Asia,1993,6.1
Z7,Europe & Central Asia,1992,5.5
Z7,Europe & Central Asia,1991,4.5
Z7,Europe & Central Asia,1990,4
F1,Fragile and conflict affected situations,2023,41.5
F1,Fragile and conflict affected situations,2022,40.8
F1,Fragile and conflict affected situations,2021,40.8
F1,Fragile and conflict affected situations,2020,39.5
F1,Fragile and conflict affected situations,2018,36.9
F1,Fragile and conflict affected situations,2017,36.9
F1,Fragile and conflict affected situations,2016,37
F1,Fragile and conflict affected situations,2015,36.6
F1,Fragile and conflict affected situations,2014,36.5
F1,Fragile and conflict affected situations,2013,36.9
F1,Fragile and conflict affected situations,2012,37.6
F1,Fragile and conflict affected situations,2011,38.5
F1,Fragile and conflict affected situations,2010,38.8
F1,Fragile and conflict affected situations,2009,40.5
F1,Fragile and conflict affected situations,2008,41.4
F1,Fragile and conflict affected situations,2007,42.6
F1,Fragile and conflict affected situations,2006,44
F1,Fragile and conflict affected situations,2005,45.2
F1,Fragile and conflict affected situations,2004,47
F1,Fragile and conflict affected situations,2003,50
F1,Fragile and conflict affected situations,2002,51.1
F1,Fragile and conflict affected situations,2001,51.5
F1,Fragile and conflict affected situations,1999,55
F1,Fragile and conflict affected situations,1998,54.7
F1,Fragile and conflict affected situations,1997,55
F1,Fragile and conflict affected situations,1996,55.6
F1,Fragile and conflict affected situations,1995,56
F1,Fragile and conflict affected situations,1994,55.2
F1,Fragile and conflict affected situations,1993,54.1
XD,High income,2023,0.6
XD,High income,2022,0.6
XD,High income,2021,0.3
XD,High income,2020,0.4
XD,High income,2019,0.5
XD,High income,2018,0.6
XD,High income,2017,0.6
XD,High income,2016,0.6
XD,High income,2015,0.7
XD,High income,2014,0.7
XD,High income,2013,0.6
XD,High income,2012,0.6
XD,High income,2011,0.6
XD,High income,2010,0.6
XD,High income,2009,0.6
XD,High income,2008,0.6
XD,High income,2007,0.6
XD,High income,2006,0.8
XD,High income,2005,0.8
XD,High income,2004,0.9
XD,High income,2003,1
XD,High income,2002,1.1
XD,High income,2001,1.3
XD,High income,2000,1.5
XD,High income,1999,1.7
XD,High income,1998,1.2
XD,High income,1997,1.1
XD,High income,1996,1.9
XD,High income,1995,1.8
XD,High income,1994,2.2
XD,High income,1993,1.8
XD,High income,1992,1.4
XD,High income,1991,1.2
XD,High income,1990,1.1
XG,IDA total,2023,35.2
XG,IDA total,2022,35.1
XG,IDA total,2021,35.5
XG,IDA total,2020,35.3
XG,IDA total,2019,33.8
XG,IDA total,2018,34.1
XG,IDA total,2017,34.7
XG,IDA total,2016,35.6
XG,IDA total,2015,36
XG,IDA total,2014,36.3
XG,IDA total,2013,37.1
XG,IDA total,2012,39.6
XG,IDA total,2011,40.8
XG,IDA total,2010,41.8
XG,IDA total,2009,43.8
XG,IDA total,2008,44.3
XG,IDA total,2007,46.5
XG,IDA total,2006,48.3
XG,IDA total,2005,50
XG,IDA total,2004,51.9
XG,IDA total,2003,55.3
XG,IDA total,2002,57.1
XG,IDA total,2001,57.8
XG,IDA total,2000,58.5
XG,IDA total,1999,58.9
XG,IDA total,1998,58.9
XG,IDA total,1997,58.9
XG,IDA total,1996,59.5
XG,IDA total,1995,60.7
XG,IDA total,1994,61.2
XG,IDA total,1993,62.3
XG,IDA total,1992,62
XG,IDA total,1991,62.9
XG,IDA total,1990,63.3
ZJ,Latin America & Caribbean,2023,4.6
ZJ,Latin America & Caribbean,2022,5
ZJ,Latin America & Caribbean,2021,6.3
ZJ,Latin America & Caribbean,2020,5.6
ZJ,Latin America & Caribbean,2019,6
ZJ,Latin America & Caribbean,2018,5.9
ZJ,Latin America & Caribbean,2017,6
ZJ,Latin America & Caribbean,2016,6.1
ZJ,Latin America & Caribbean,2015,5.9
ZJ,Latin America & Caribbean,2014,6.3
ZJ,Latin America & Caribbean,2013,6.7
ZJ,Latin America & Caribbean,2012,7.4
ZJ,Latin America & Caribbean,2011,7.7
ZJ,Latin America & Caribbean,2010,8.5
ZJ,Latin America & Caribbean,2009,9.5
ZJ,Latin America & Caribbean,2008,9.9
ZJ,Latin America & Caribbean,2007,10.8
ZJ,Latin America & Caribbean,2006,12
ZJ,Latin America & Caribbean,2005,14.2
ZJ,Latin America & Caribbean,2004,15.3
ZJ,Latin America & Caribbean,2003,16.6
ZJ,Latin America & Caribbean,2002,17.1
ZJ,Latin America & Caribbean,2001,17.9
ZJ,Latin America & Caribbean,2000,18.1
ZJ,Latin America & Caribbean,1999,19.5
ZJ,Latin America & Caribbean,1998,19.2
ZJ,Latin America & Caribbean,1997,19.4
ZJ,Latin America & Caribbean,1996,19.9
ZJ,Latin America & Caribbean,1995,18.5
ZJ,Latin America & Caribbean,1994,19.5
ZJ,Latin America & Caribbean,1993,20.1
ZJ,Latin America & Caribbean,1992,20.2
ZJ,Latin America & Caribbean,1991,20.1
ZJ,Latin America & Caribbean,1990,20.7
XO,Low & middle income,2023,12.2
XO,Low & middle income,2022,12.5
XO,Low & middle income,2021,13.1
XO,Low & middle income,2020,13.4
XO,Low & middle income,2019,12.7
XO,Low & middle income,2018,13.2
XO,Low & middle income,2017,14
XO,Low & middle income,2016,15
XO,Low & middle income,2015,16.1
XO,Low & middle income,2014,17.5
XO,Low & middle income,2013,18.8
XO,Low & middle income,2012,21.7
XO,Low & middle income,2011,23.4
XO,Low & middle income,2010,25.7
XO,Low & middle income,2009,28.3
XO,Low & middle income,2008,29.7
XO,Low & middle income,2007,31.2
XO,Low & middle income,2006,33.4
XO,Low & middle income,2005,35.1
XO,Low & middle income,2004,37.5
XO,Low & middle income,2003,39.8
XO,Low & middle income,2002,41.8
XO,Low & middle income,2001,43.9
XO,Low & middle income,2000,45.1
XO,Low & middle income,1999,46.4
XO,Low & middle income,1998,47.3
XO,Low & middle income,1997,47.1
XO,Low & middle income,1996,47.5
XO,Low & middle income,1995,49.2
XO,Low & middle income,1994,51
XO,Low & middle income,1993,53
XO,Low & middle income,1992,53.9
XO,Low & middle income,1991,55
XO,Low & middle income,1990,55.6
XM,Low income,2023,56.3
XM,Low income,2022,55.6
XM,Low income,2021,56.2
XM,Low income,2020,55.5
XM,Low income,2017,54.1
XM,Low income,2016,54.2
XM,Low income,2015,53.6
XM,Low income,2014,52.6
XM,Low income,2013,52.3
XM,Low income,2012,52.8
XM,Low income,2011,53.9
XM,Low income,2010,54.1
XM,Low income,2009,55.9
XM,Low income,2008,55.8
XM,Low income,2007,57
XM,Low income,2006,58
XM,Low income,2005,58.8
XM,Low income,2004,59.7
XM,Low income,2003,60.5
XM,Low income,2002,62.7
XN,Lower middle income,2023,12.6
XN,Lower middle income,2022,13.4
XN,Lower middle income,2021,14.4
XN,Lower middle income,2020,15.2
XN,Lower middle income,2014,21.7
XN,Lower middle income,2013,23.7
XN,Lower middle income,2012,26.4
XN,Lower middle income,2011,28.2
XN,Lower middle income,2010,30.1
XN,Lower middle income,2009,33.5
XN,Lower middle income,2008,35.2
XN,Lower middle income,2007,36.9
XN,Lower middle income,2006,39.4
XN,Lower middle income,2005,41.6
XN,Lower middle income,2004,43.2
XN,Lower middle income,2003,44.8
XN,Lower middle income,2002,45.9
XN,Lower middle income,1996,46.9
XN,Lower middle income,1995,47.9
XN,Lower middle income,1994,48.3
XN,Lower middle income,1993,49.4
XN,Lower middle income,1992,49.7
XN,Lower middle income,1991,50.6
XN,Lower middle income,1990,51.1
ZQ,"Middle East, North Africa, Afghanistan & Pakistan",2019,11.4
ZQ,"Middle East, North Africa, Afghanistan & Pakistan",2018,11
ZQ,"Middle East, North Africa, Afghanistan & Pakistan",2017,11
ZQ,"Middle East, North Africa, Afghanistan & Pakistan",2016,11.3
ZQ,"Middle East, North Africa, Afghanistan & Pakistan",2015,11.3
ZQ,"Middle East, North Africa, Afghanistan & Pakistan",2014,11.5
ZQ,"Middle East, North Africa, Afghanistan & Pakistan",2013,11.6
ZQ,"Middle East, North Africa, Afghanistan & Pakistan",2012,12.3
ZQ,"Middle East, North Africa, Afghanistan & Pakistan",2011,13
ZQ,"Middle East, North Africa, Afghanistan & Pakistan",2010,13.3
ZQ,"Middle East, North Africa, Afghanistan & Pakistan",2009,15.2
ZQ,"Middle East, North Africa, Afghanistan & Pakistan",2008,14.6
ZQ,"Middle East, North Africa, Afghanistan & Pakistan",2007,16.7
ZQ,"Middle East, North Africa, Afghanistan & Pakistan",2006,17.6
ZQ,"Middle East, North Africa, Afghanistan & Pakistan",2005,18.8
ZQ,"Middle East, North Africa, Afghanistan & Pakistan",2004,19.9
ZQ,"Middle East, North Africa, Afghanistan & Pakistan",2003,22.2
ZQ,"Middle East, North Africa, Afghanistan & Pakistan",2002,24.1
ZQ,"Middle East, North Africa, Afghanistan & Pakistan",2001,24.6
ZQ,"Middle East, North Africa, Afghanistan & Pakistan",2000,23.8
ZQ,"Middle East, North Africa, Afghanistan & Pakistan",1999,23.4
ZQ,"Middle East, North Africa, Afghanistan & Pakistan",1998,23.1
ZQ,"Middle East, North Africa, Afghanistan & Pakistan",1997,22.7
ZQ,"Middle East, North Africa, Afghanistan & Pakistan",1996,23.1
ZQ,"Middle East, North Africa, Afghanistan & Pakistan",1995,25.3
ZQ,"Middle East, North Africa, Afghanistan & Pakistan",1994,25.7
ZQ,"Middle East, North Africa, Afghanistan & Pakistan",1993,28.3
ZQ,"Middle East, North Africa, Afghanistan & Pakistan",1992,28.2
ZQ,"Middle East, North Africa, Afghanistan & Pakistan",1991,32
ZQ,"Middle East, North Africa, Afghanistan & Pakistan",1990,34.2
XU,North America,2023,1
XU,North America,2022,1.1
XU,North America,2021,0.2
XU,North America,2020,0.3
XU,North America,2019,0.8
XU,North America,2018,0.9
XU,North America,2017,1.1
XU,North America,2016,1
XU,North America,2015,1
XU,North America,2014,1.1
XU,North America,2013,0.9
XU,North America,2012,0.9
XU,North America,2011,0.9
XU,North America,2010,0.9
XU,North America,2009,0.8
XU,North America,2008,0.9
XU,North America,2007,0.8
XU,North America,2006,0.9
XU,North America,2005,0.9
XU,North America,2004,0.9
XU,North America,2003,0.8
XU,North America,2002,0.7
XU,North America,2001,0.8
XU,North America,2000,0.6
XU,North America,1999,0.6
XU,North America,1998,0.7
XU,North America,1997,0.6
XU,North America,1996,0.5
XU,North America,1995,0.6
XU,North America,1994,0.6
XU,North America,1993,0.6
XU,North America,1992,0.5
XU,North America,1991,0.5
XU,North America,1990,0.5
8S,South Asia,2023,4.7
8S,South Asia,2022,6.1
8S,South Asia,2021,7.9
8S,South Asia,2020,9.4
8S,South Asia,2014,20
8S,South Asia,2013,22.8
8S,South Asia,2012,25.2
8S,South Asia,2011,27.5
8S,South Asia,2010,30.4
8S,South Asia,2009,34.6
8S,South Asia,2008,36.8
8S,South Asia,2007,38.1
8S,South Asia,2006,40.7
8S,South Asia,2005,43.3
8S,South Asia,2004,45
8S,South Asia,2003,45.6
8S,South Asia,2002,46
8S,South Asia,1996,46.8
8S,South Asia,1995,47.1
8S,South Asia,1994,47.4
8S,South Asia,1993,48.1
8S,South Asia,1992,48.9
8S,South Asia,1991,49.6
8S,South Asia,1990,49.7
ZG,Sub-Saharan Africa,2023,46.5
ZG,Sub-Saharan Africa,2022,46.4
ZG,Sub-Saharan Africa,2021,46.6
ZG,Sub-Saharan Africa,2020,46.4
ZG,Sub-Saharan Africa,2019,44.4
ZG,Sub-Saharan Africa,2018,44.6
ZG,Sub-Saharan Africa,2017,45
ZG,Sub-Saharan Africa,2016,45.3
ZG,Sub-Saharan Africa,2015,45.5
ZG,Sub-Saharan Africa,2014,45.7
ZG,Sub-Saharan Africa,2013,46.4
ZG,Sub-Saharan Africa,2012,47.3
ZG,Sub-Saharan Africa,2011,48.5
ZG,Sub-Saharan Africa,2010,49.5
ZG,Sub-Saharan Africa,2009,51.1
ZG,Sub-Saharan Africa,2008,51.6
ZG,Sub-Saharan Africa,2007,53
ZG,Sub-Saharan Africa,2006,54
ZG,Sub-Saharan Africa,2005,55.5
ZG,Sub-Saharan Africa,2004,57
ZG,Sub-Saharan Africa,2003,59.9
ZG,Sub-Saharan Africa,2002,60.9
ZG,Sub-Saharan Africa,2001,61.3
ZG,Sub-Saharan Africa,2000,62.5
ZG,Sub-Saharan Africa,1999,63.1
ZG,Sub-Saharan Africa,1998,63.5
ZG,Sub-Saharan Africa,1997,63.5
ZG,Sub-Saharan Africa,1996,63.9
ZG,Sub-Saharan Africa,1995,64.5
ZG,Sub-Saharan Africa,1994,64.7
ZG,Sub-Saharan Africa,1993,64.6
ZG,Sub-Saharan Africa,1992,63.9
ZG,Sub-Saharan Africa,1991,62.8
ZG,Sub-Saharan Africa,1990,61.5
XT,Upper middle income,2023,2.3
XT,Upper middle income,2022,2.5
XT,Upper middle income,2021,2.9
XT,Upper middle income,2020,2.9
XT,Upper middle income,2019,3
XT,Upper middle income,2018,3.5
XT,Upper middle income,2017,4.2
XT,Upper middle income,2016,4.8
XT,Upper middle income,2015,5.5
XT,Upper middle income,2014,6.9
XT,Upper middle income,2013,7.8
XT,Upper middle income,2012,11.6
XT,Upper middle income,2011,13.4
XT,Upper middle income,2010,16.5
XT,Upper middle income,2009,18.8
XT,Upper middle income,2008,20.2
XT,Upper middle income,2007,21.7
XT,Upper middle income,2006,23.8
XT,Upper middle income,2005,25.4
XT,Upper middle income,2004,28.9
XT,Upper middle income,2003,32.1
XT,Upper middle income,2002,35.1
XT,Upper middle income,2001,39
XT,Upper middle income,2000,41.3
XT,Upper middle income,1999,44
XT,Upper middle income,1998,45.8
XT,Upper middle income,1997,45.5
XT,Upper middle income,1996,45.8
XT,Upper middle income,1995,48.4
XT,Upper middle income,1994,51.6
XT,Upper middle income,1993,54.8
XT,Upper middle income,1992,56.3
XT,Upper middle income,1991,57.6
XT,Upper middle income,1990,58.5
1W,World,2023,10.5
1W,World,2022,10.8
1W,World,2021,11.2
1W,World,2020,11.4
1W,World,2018,11.2
1W,World,2017,11.9
1W,World,2016,12.6
1W,World,2015,13.4
1W,World,2014,14.6
1W,World,2013,15.6
1W,World,2012,17.9
1W,World,2011,19.2
1W,World,2010,21
1W,World,2009,23
1W,World,2008,24.1
1W,World,2007,25.3
1W,World,2006,27
1W,World,2005,28.4
1W,World,2004,30.3
1W,World,2003,32.2
1W,World,2002,33.8
1W,World,2001,35.3
1W,World,2000,36.3
1W,World,1999,37.3
1W,World,1998,37.9
1W,World,1997,37.6
1W,World,1996,37.9
1W,World,1995,39.2
1W,World,1994,40.6
1W,World,1993,41.9
1W,World,1992,42.4
1W,World,1991,43.1
1W,World,1990,43.4
AL,Albania,2020,0.3
AL,Albania,2019,0.3
AL,Albania,2018,1
AL,Albania,2017,1.4
AL,Albania,2016,1.1
AL,Albania,2015,1.1
AL,Albania,2014,3.7
AL,Albania,2012,1.8
AL,Albania,2008,0.8
AL,Albania,2005,2.7
AL,Albania,2002,4.2
AL,Albania,1996,3
DZ,Algeria,2011,0
DZ,Algeria,1995,11.8
AO,Angola,2018,39.3
AO,Angola,2008,22.1
AO,Angola,2000,27
AR,Argentina,2023,1.2
AR,Argentina,2022,1.3
AR,Argentina,2021,1.4
AR,Argentina,2020,2.2
AR,Argentina,2019,1.7
AR,Argentina,2018,1.6
AR,Argentina,2017,1.1
AR,Argentina,2016,1.3
AR,Argentina,2014,1.1
AR,Argentina,2013,1.1
AR,Argentina,2012,1.3
AR,Argentina,2011,1.2
AR,Argentina,2010,1.5
AR,Argentina,2009,2.4
AR,Argentina,2008,2.6
AR,Argentina,2007,2.8
AR,Argentina,2006,3.5
AR,Argentina,2005,4.4
AR,Argentina,2004,6
AR,Argentina,2003,8.2
AR,Argentina,2002,17.1
AR,Argentina,2001,10.7
AR,Argentina,2000,7.3
AR,Argentina,1999,5.9
AR,Argentina,1998,5.7
AR,Argentina,1997,5.2
AR,Argentina,1996,5.4
AR,Argentina,1995,5.1
AR,Argentina,1994,2.7
AR,Argentina,1993,2.9
AR,Argentina,1992,2.5
AR,Argentina,1991,1.3
AM,Armenia,2023,1.9
AM,Armenia,2022,1.9
AM,Armenia,2021,2.1
AM,Armenia,2020,1.5
AM,Armenia,2019,2.4
AM,Armenia,2018,2.9
AM,Armenia,2017,2.4
AM,Armenia,2016,2.5
AM,Armenia,2015,2.9
AM,Armenia,2014,3.4
AM,Armenia,2013,2.9
AM,Armenia,2012,2.5
AM,Armenia,2011,3.1
AM,Armenia,2010,2.9
AM,Armenia,2009,3.1
AM,Armenia,2008,2
AM,Armenia,2007,3.7
AM,Armenia,2006,4.5
AM,Armenia,2005,6.1
AM,Armenia,2004,10.3
AM,Armenia,2003,14.8
AM,Armenia,2002,19.8
AM,Armenia,2001,24.1
AM,Armenia,1999,21.2
AM,Armenia,1996,21.6
AU,Australia,2020,1
AU,Australia,2018,0.5
AU,Australia,2016,0.5
AU,Australia,2014,0.5
AU,Australia,2010,0.3
AU,Australia,2008,0.7
AU,Australia,2004,0.7
AU,Australia,2003,1
AU,Australia,2001,1
AU,Australia,1995,1
AT,Austria,2023,0.5
AT,Austria,2022,0.6
AT,Austria,2021,0.5
AT,Austria,2020,0.7
AT,Austria,2019,0.6
AT,Austria,2018,0.6
AT,Austria,2017,0.3
AT,Austria,2016,0.7
AT,Austria,2015,0.7
AT,Austria,2014,0.2
AT,Austria,2013,0.3
AT,Austria,2012,0.7
AT,Austria,2011,0.5
AT,Austria,2010,0.5
AT,Austria,2009,0.7
AT,Austria,2008,0.5
AT,Austria,2007,0.4
AT,Austria,2006,0.1
AT,Austria,2005,0.2
AT,Austria,2004,0.1
AT,Austria,2003,0.4
AT,Austria,2000,0.2
AT,Austria,1999,0.2
AT,Austria,1998,0.2
AT,Austria,1997,0.2
AT,Austria,1996,0
AT,Austria,1995,0
AT,Austria,1994,0.2
AZ,Azerbaijan,2005,0
AZ,Azerbaijan,2004,0
AZ,Azerbaijan,2003,0.2
AZ,Azerbaijan,2002,0.2
AZ,Azerbaijan,2001,11.4
AZ,Azerbaijan,1995,19.7
BD,Bangladesh,2022,5.9
BD,Bangladesh,2016,19.5
BD,Bangladesh,2010,25.1
BD,Bangladesh,2005,32.3
BD,Bangladesh,2000,41.4
BD,Bangladesh,1995,43.4
BD,Bangladesh,1991,51.2
BB,Barbados,2016,1.7
BY,Belarus,2020,0
BY,Belarus,2019,0
BY,Belarus,2018,0
BY,Belarus,2017,0
BY,Belarus,2016,0
BY,Belarus,2015,0
BY,Belarus,2014,0
BY,Belarus,2013,0
BY,Belarus,2012,0.1
BY,Belarus,2011,0.1
BY,Belarus,2010,0.2
BY,Belarus,2009,0.5
BY,Belarus,2008,0.5
BY,Belarus,2007,1.1
BY,Belarus,2006,1.1
BY,Belarus,2005,2.4
BY,Belarus,2004,4.3
BY,Belarus,2003,8.7
BY,Belarus,2002,10.4
BY,Belarus,2001,14.7
BY,Belarus,2000,26.5
BY,Belarus,1999,33.7
BY,Belarus,1998,38.2
BY,Belarus,1995,2.3
BY,Belarus,1993,3.1
BE,Belgium,2023,0.1
BE,Belgium,2022,0
BE,Belgium,2021,0
BE,Belgium,2020,0.1
BE,Belgium,2019,0.1
BE,Belgium,2018,0.1
BE,Belgium,2017,0.2
BE,Belgium,2016,0.1
BE,Belgium,2015,0.1
BE,Belgium,2014,0.1
BE,Belgium,2013,0.1
BE,Belgium,2012,0.2
BE,Belgium,2011,0.2
BE,Belgium,2010,0.1
BE,Belgium,2009,0.1
BE,Belgium,2008,0.1
BE,Belgium,2007,0.2
BE,Belgium,2006,0.2
BE,Belgium,2005,0.3
BE,Belgium,2004,0.1
BE,Belgium,2003,0.4
BE,Belgium,2000,0.3
BE,Belgium,1997,0.5
BE,Belgium,1995,0.7
BE,Belgium,1992,1
BZ,Belize,2018,1
BZ,Belize,1999,22.5
BZ,Belize,1998,26.1
BZ,Belize,1997,26
BZ,Belize,1996,23.3
BZ,Belize,1995,18.4
BZ,Belize,1994,18.1
BZ,Belize,1993,18
BJ,Benin,2021,27.2
BJ,Benin,2018,37.2
BJ,Benin,2015,65.8
BJ,Benin,2011,68.4
BJ,Benin,2003,70.5
BT,Bhutan,2022,0
BT,Bhutan,2017,2.6
BT,Bhutan,2012,3.6
BT,Bhutan,2007,12
BT,Bhutan,2003,23.1
BO,Bolivia,2023,2.8
BO,Bolivia,2022,3.3
BO,Bolivia,2021,3.1
BO,Bolivia,2020,4.2
BO,Bolivia,2019,3.1
BO,Bolivia,2018,4.7
BO,Bolivia,2017,6.4
BO,Bolivia,2016,7.2
BO,Bolivia,2015,6.2
BO,Bolivia,2014,5.6
BO,Bolivia,2013,6.8
BO,Bolivia,2012,7.9
BO,Bolivia,2011,6.9
BO,Bolivia,2009,10
BO,Bolivia,2008,10.6
BO,Bolivia,2007,12.1
BO,Bolivia,2006,15.9
BO,Bolivia,2005,18.7
BO,Bolivia,2004,13.2
BO,Bolivia,2002,23.9
BO,Bolivia,2001,22.3
BO,Bolivia,2000,28.3
BO,Bolivia,1999,24.6
BO,Bolivia,1997,18.6
BO,Bolivia,1992,13.8
BO,Bolivia,1990,5.8
BA,Bosnia and Herzegovina,2011,0.2
BA,Bosnia and Herzegovina,2007,0.2
BA,Bosnia and Herzegovina,2004,0.4
BA,Bosnia and Herzegovina,2001,0.6
BW,Botswana,2015,21.4
BW,Botswana,2009,21.1
BW,Botswana,2002,34.8
BW,Botswana,1993,42.1
BR,Brazil,2023,3.8
BR,Brazil,2022,4.9
BR,Brazil,2021,7.5
BR,Brazil,2020,2.8
BR,Brazil,2019,7
BR,Brazil,2018,6.9
BR,Brazil,2017,6.9
BR,Brazil,2016,6.5
BR,Brazil,2015,5.4
BR,Brazil,2014,4.7
BR,Brazil,2013,5.4
BR,Brazil,2012,6.4
BR,Brazil,2011,7.1
BR,Brazil,2009,8.4
BR,Brazil,2008,9.1
BR,Brazil,2007,10.8
BR,Brazil,2006,11.4
BR,Brazil,2005,13.7
BR,Brazil,2004,15.3
BR,Brazil,2003,17.1
BR,Brazil,2002,16.2
BR,Brazil,2001,17.5
BR,Brazil,1999,20
BR,Brazil,1998,19.1
BR,Brazil,1997,20.4
BR,Brazil,1996,20.7
BR,Brazil,1995,19.5
BR,Brazil,1993,28.2
BR,Brazil,1992,29.4
BR,Brazil,1990,30.3
BG,Bulgaria,2023,1
BG,Bulgaria,2022,1.1
BG,Bulgaria,2021,1.2
BG,Bulgaria,2020,0.7
BG,Bulgaria,2019,1.6
BG,Bulgaria,2018,1.5
BG,Bulgaria,2017,2
BG,Bulgaria,2016,3.1
BG,Bulgaria,2015,4.6
BG,Bulgaria,2014,2.7
BG,Bulgaria,2013,3.3
BG,Bulgaria,2012,3
BG,Bulgaria,2011,3.4
BG,Bulgaria,2010,2.7
BG,Bulgaria,2009,1.8
BG,Bulgaria,2008,1.9
BG,Bulgaria,2007,2.5
BG,Bulgaria,2006,8
BG,Bulgaria,2003,2.2
BG,Bulgaria,2001,4.7
BG,Bulgaria,1997,0
BG,Bulgaria,1995,1.9
BG,Bulgaria,1994,0
BG,Bulgaria,1992,0
BF,Burkina Faso,2021,42.1
BF,Burkina Faso,2018,47.7
BF,Burkina Faso,2014,58.7
BF,Burkina Faso,2009,67.2
BF,Burkina Faso,2003,69.6
BF,Burkina Faso,1998,86.4
BF,Burkina Faso,1994,87.6
BI,Burundi,2020,74.2
BI,Burundi,2013,75.8
BI,Burundi,2006,81.5
BI,Burundi,1998,87.6
BI,Burundi,1992,85
CV,Cabo Verde,2015,14.6
CV,Cabo Verde,2007,26.2
CV,Cabo Verde,2001,37.1
CM,Cameroon,2021,26.7
CM,Cameroon,2014,29
CM,Cameroon,2007,36
CM,Cameroon,2001,30.8
CM,Cameroon,1996,56.5
CA,Canada,2021,0.2
CA,Canada,2020,0.2
CA,Canada,2019,0.2
CA,Canada,2018,0.2
CA,Canada,2017,0.5
CA,Canada,2016,0.5
CA,Canada,2015,0.5
CA,Canada,2014,0.2
CA,Canada,2013,0.5
CA,Canada,2012,0.2
CA,Canada,2011,0.2
CA,Canada,2010,0.2
CA,Canada,2009,0.2
CA,Canada,2008,0.2
CA,Canada,2007,0.2
CA,Canada,2006,0.2
CA,Canada,2005,0.2
CA,Canada,2004,0.2
CA,Canada,2003,0.2
CA,Canada,2002,0.2
CA,Canada,2001,0.2
CA,Canada,2000,0.2
CA,Canada,1999,0.5
CA,Canada,1998,0.5
CA,Canada,1997,0.5
CA,Canada,1996,0.5
CA,Canada,1995,0.7
CA,Canada,1994,1
CA,Canada,1993,1.2
CA,Canada,1992,0.7
CA,Canada,1991,1.2
CA,Canada,1990,1.2
CF,Central African Republic,2021,71.6
CF,Central African Republic,2008,67.3
CF,Central African Republic,1992,84.8
TD,Chad,2022,39.5
TD,Chad,2018,41.9
TD,Chad,2011,45.2
TD,Chad,2003,66.7
CL,Chile,2022,0.5
CL,Chile,2020,1.7
CL,Chile,2017,0.5
CL,Chile,2015,0.7
CL,Chile,2013,0.8
CL,Chile,2011,1.7
CL,Chile,2009,2.6
CL,Chile,2006,3.3
CL,Chile,2003,7.9
CL,Chile,2000,8.6
CL,Chile,1998,7.4
CL,Chile,1996,8
CL,Chile,1994,10.5
CL,Chile,1992,11.1
CL,Chile,1990,16
CN,China,2022,0
CN,China,2021,0
CN,China,2020,0
CN,China,2019,0
CN,China,2018,0.8
CN,China,2017,1.7
CN,China,2016,2.2
CN,China,2015,3
CN,China,2014,4.7
CN,China,2013,6.2
CN,China,2012,13.2
CN,China,2011,15.7
CN,China,2010,20.6
CN,China,2008,26.2
CN,China,2005,33.1
CN,China,2002,48.1
CN,China,1999,58.4
CN,China,1996,62
CN,China,1993,76.8
CN,China,1990,83
CO,Colombia,2023,7.7
CO,Colombia,2022,9.3
CO,Colombia,2021,11.2
CO,Colombia,2020,13.5
CO,Colombia,2019,8.8
CO,Colombia,2018,7.4
CO,Colombia,2017,7.3
CO,Colombia,2016,8
CO,Colombia,2015,8.1
CO,Colombia,2014,9
CO,Colombia,2013,9.9
CO,Colombia,2012,10.9
CO,Colombia,2011,11.2
CO,Colombia,2010,13.1
CO,Colombia,2009,15
CO,Colombia,2008,16.6
CO,Colombia,2005,16.8
CO,Colombia,2004,19.2
CO,Colombia,2003,19.8
CO,Colombia,2002,21.2
CO,Colombia,2001,29.6
CO,Colombia,2000,23.9
CO,Colombia,1999,28.2
CO,Colombia,1996,24.8
CO,Colombia,1992,16
CO,Colombia,1991,19.3
KM,Comoros,2014,31.4
KM,Comoros,2004,27.9
CD,"Congo, Dem. Rep.",2020,85.3
CD,"Congo, Dem. Rep.",2012,78.9
CD,"Congo, Dem. Rep.",2004,94.9
CG,"Congo, Rep.",2011,39.2
CG,"Congo, Rep.",2005,54.5
CR,Costa Rica,2023,1.5
CR,Costa Rica,2022,1.6
CR,Costa Rica,2021,2.2
CR,Costa Rica,2020,3.4
CR,Costa Rica,2019,1.7
CR,Costa Rica,2018,2.3
CR,Costa Rica,2017,1.7
CR,Costa Rica,2016,2.4
CR,Costa Rica,2015,2.4
CR,Costa Rica,2014,2.4
CR,Costa Rica,2013,2.6
CR,Costa Rica,2012,2.6
CR,Costa Rica,2011,2.7
CR,Costa Rica,2010,2.2
CR,Costa Rica,2009,3.6
CR,Costa Rica,2008,3.4
CR,Costa Rica,2007,3.1
CR,Costa Rica,2006,5.2
CR,Costa Rica,2005,5
CR,Costa Rica,2004,6.6
CR,Costa Rica,2003,6.9
CR,Costa Rica,2002,6.6
CR,Costa Rica,2001,7.6
CR,Costa Rica,2000,9.8
CR,Costa Rica,1999,9.3
CR,Costa Rica,1998,7.5
CR,Costa Rica,1997,9.1
CR,Costa Rica,1996,11.7
CR,Costa Rica,1995,10.6
CR,Costa Rica,1994,9.4
CR,Costa Rica,1993,11.8
CR,Costa Rica,1992,13.8
CR,Costa Rica,1991,17.1
CR,Costa Rica,1990,13.9
CI,Cote d'Ivoire,2021,20.9
CI,Cote d'Ivoire,2018,22.7
CI,Cote d'Ivoire,2015,47.5
CI,Cote d'Ivoire,2008,47.9
CI,Cote d'Ivoire,2002,44.7
CI,Cote d'Ivoire,1998,44.1
CI,Cote d'Ivoire,1995,40.9
CI,Cote d'Ivoire,1992,39.6
HR,Croatia,2023,0.3
HR,Croatia,2022,0.4
HR,Croatia,2021,0.3
HR,Croatia,2020,0.4
HR,Croatia,2019,0.4
HR,Croatia,2018,0.5
HR,Croatia,2017,0.6
HR,Croatia,2016,0.9
HR,Croatia,2015,0.7
HR,Croatia,2014,1.2
HR,Croatia,2013,1.2
HR,Croatia,2012,1.1
HR,Croatia,2011,1
HR,Croatia,2010,1.4
HR,Croatia,2009,1
HR,Croatia,2008,0
HR,Croatia,2004,0
HR,Croatia,2001,0
HR,Croatia,2000,0
HR,Croatia,1999,0
HR,Croatia,1998,0
CY,Cyprus,2023,0
CY,Cyprus,2022,0
CY,Cyprus,2021,0
CY,Cyprus,2020,0
CY,Cyprus,2019,0.2
CY,Cyprus,2018,0.1
CY,Cyprus,2017,0.1
CY,Cyprus,2016,0.1
CY,Cyprus,2015,0
CY,Cyprus,2014,0.1
CY,Cyprus,2013,0.1
CY,Cyprus,2012,0
CY,Cyprus,2011,0
CY,Cyprus,2010,0.1
CY,Cyprus,2009,0.1
CY,Cyprus,2008,0
CY,Cyprus,2007,0
CY,Cyprus,2006,0
CY,Cyprus,2005,0.1
CY,Cyprus,2004,0.1
CZ,Czechia,2023,0
CZ,Czechia,2022,0
CZ,Czechia,2021,0.1
CZ,Czechia,2020,0
CZ,Czechia,2019,0
CZ,Czechia,2018,0
CZ,Czechia,2017,0
CZ,Czechia,2016,0
CZ,Czechia,2015,0
CZ,Czechia,2014,0
CZ,Czechia,2013,0
CZ,Czechia,2012,0.1
CZ,Czechia,2011,0.1
CZ,Czechia,2010,0
CZ,Czechia,2009,0
CZ,Czechia,2008,0.1
CZ,Czechia,2007,0.1
CZ,Czechia,2006,0.1
CZ,Czechia,2005,0
CZ,Czechia,2004,0
CZ,Czechia,2002,0
CZ,Czechia,1996,0
CZ,Czechia,1993,0
CZ,Czechia,1992,0
DK,Denmark,2023,0.4
DK,Denmark,2022,0.2
DK,Denmark,2021,0.2
DK,Denmark,2020,0.2
DK,Denmark,2019,0.3
DK,Denmark,2018,0.2
DK,Denmark,2017,0.1
DK,Denmark,2016,0.3
DK,Denmark,2015,0.2
DK,Denmark,2014,0.2
DK,Denmark,2013,0.3
DK,Denmark,2012,0
DK,Denmark,2011,0
DK,Denmark,2010,0.1
DK,Denmark,2009,0.6
DK,Denmark,2008,0.3
DK,Denmark,2007,0.1
DK,Denmark,2006,0.2
DK,Denmark,2005,0.3
DK,Denmark,2004,0.3
DK,Denmark,2003,0.4
DK,Denmark,2000,0
DK,Denmark,1995,0
DK,Denmark,1992,0.5
DJ,Djibouti,2017,25.4
DJ,Djibouti,2013,31.2
DJ,Djibouti,2012,26.4
DJ,Djibouti,2002,32.3
DO,Dominican Republic,2023,1.3
DO,Dominican Republic,2022,1
DO,Dominican Republic,2021,1.3
DO,Dominican Republic,2020,1.3
DO,Dominican Republic,2019,1
DO,Dominican Republic,2018,1.1
DO,Dominican Republic,2017,1.5
DO,Dominican Republic,2016,3
DO,Dominican Republic,2015,3.3
DO,Dominican Republic,2014,4.1
DO,Dominican Republic,2013,4.4
DO,Dominican Republic,2012,5.4
DO,Dominican Republic,2011,5.3
DO,Dominican Republic,2010,5.5
DO,Dominican Republic,2009,6.3
DO,Dominican Republic,2008,7.1
DO,Dominican Republic,2007,7.8
DO,Dominican Republic,2006,8.1
DO,Dominican Republic,2005,9.9
DO,Dominican Republic,2004,14.6
DO,Dominican Republic,2003,10.7
DO,Dominican Republic,2002,9
DO,Dominican Republic,2001,6.6
DO,Dominican Republic,2000,8.3
DO,Dominican Republic,1997,8.1
DO,Dominican Republic,1996,8
DO,Dominican Republic,1992,10
EC,Ecuador,2023,4.7
EC,Ecuador,2022,4.4
EC,Ecuador,2021,5.3
EC,Ecuador,2020,8.4
EC,Ecuador,2019,4.6
EC,Ecuador,2018,4.7
EC,Ecuador,2017,4.3
EC,Ecuador,2016,5
EC,Ecuador,2015,4.8
EC,Ecuador,2014,4
EC,Ecuador,2013,4.5
EC,Ecuador,2012,6
EC,Ecuador,2011,6.4
EC,Ecuador,2010,7.8
EC,Ecuador,2009,9.3
EC,Ecuador,2008,9.8
EC,Ecuador,2007,10.9
EC,Ecuador,2006,10.9
EC,Ecuador,2005,15.4
EC,Ecuador,2004,19.4
EC,Ecuador,2003,18.9
EC,Ecuador,2000,34.1
EC,Ecuador,1999,26.9
EC,Ecuador,1998,21.1
EC,Ecuador,1995,18.1
EC,Ecuador,1994,21.5
EG,"Egypt, Arab Rep.",2021,1.4
EG,"Egypt, Arab Rep.",2019,2
EG,"Egypt, Arab Rep.",2017,3.1
EG,"Egypt, Arab Rep.",2015,1.2
EG,"Egypt, Arab Rep.",2012,1.2
EG,"Egypt, Arab Rep.",2010,1.5
EG,"Egypt, Arab Rep.",2008,3.7
EG,"Egypt, Arab Rep.",2004,4.1
EG,"Egypt, Arab Rep.",1999,0
EG,"Egypt, Arab Rep.",1995,4.1
EG,"Egypt, Arab Rep.",1990,7.1
SV,El Salvador,2023,4.6
SV,El Salvador,2022,5.2
SV,El Salvador,2021,5.1
SV,El Salvador,2019,3
SV,El Salvador,2018,4.1
SV,El Salvador,2017,4.5
SV,El Salvador,2016,5.8
SV,El Salvador,2015,5.3
SV,El Salvador,2014,7
SV,El Salvador,2013,7.1
SV,El Salvador,2012,8.5
SV,El Salvador,2011,10.1
SV,El Salvador,2010,11.4
SV,El Salvador,2009,12.4
SV,El Salvador,2008,12.6
SV,El Salvador,2007,9.2
SV,El Salvador,2006,12.6
SV,El Salvador,2005,16.4
SV,El Salvador,2004,16.3
SV,El Salvador,2003,20.9
SV,El Salvador,2002,19.5
SV,El Salvador,2001,19.4
SV,El Salvador,2000,18.4
SV,El Salvador,1999,22.4
SV,El Salvador,1998,26.3
SV,El Salvador,1996,21.2
SV,El Salvador,1995,19.3
SV,El Salvador,1991,28.9
GQ,Equatorial Guinea,2022,8.8
EE,Estonia,2023,0.3
EE,Estonia,2022,0.5
EE,Estonia,2021,0.3
EE,Estonia,2020,0.4
EE,Estonia,2019,0.7
EE,Estonia,2018,0.4
EE,Estonia,2017,0.5
EE,Estonia,2016,0.6
EE,Estonia,2015,0.7
EE,Estonia,2014,1
EE,Estonia,2013,1.1
EE,Estonia,2012,1
EE,Estonia,2011,1.2
EE,Estonia,2010,1
EE,Estonia,2009,0.8
EE,Estonia,2008,0.6
EE,Estonia,2007,0.6
EE,Estonia,2006,1.1
EE,Estonia,2005,1.1
EE,Estonia,2004,1.6
EE,Estonia,2003,3.6
EE,Estonia,2002,2.9
EE,Estonia,2001,3
EE,Estonia,2000,3
EE,Estonia,1998,0
EE,Estonia,1995,0.7
EE,Estonia,1993,1.6
SZ,Eswatini,2016,44.5
SZ,Eswatini,2009,58.2
SZ,Eswatini,2000,65
SZ,Eswatini,1994,89.3
ET,Ethiopia,2021,38.6
ET,Ethiopia,2015,33
ET,Ethiopia,2010,37.4
ET,Ethiopia,2004,41.3
ET,Ethiopia,1999,65.9
ET,Ethiopia,1995,73.5
FJ,Fiji,2019,4.7
FJ,Fiji,2013,1.6
FJ,Fiji,2008,3.8
FJ,Fiji,2002,5.4
FI,Finland,2023,0.2
FI,Finland,2022,0.1
FI,Finland,2021,0
FI,Finland,2020,0
FI,Finland,2019,0
FI,Finland,2018,0.1
FI,Finland,2017,0.1
FI,Finland,2016,0
FI,Finland,2015,0.1
FI,Finland,2014,0.1
FI,Finland,2013,0.1
FI,Finland,2012,0.1
FI,Finland,2011,0.1
FI,Finland,2010,0.1
FI,Finland,2009,0.1
FI,Finland,2008,0.1
FI,Finland,2007,0.1
FI,Finland,2006,0.1
FI,Finland,2005,0.1
FI,Finland,2004,0
FI,Finland,2003,0
FI,Finland,2000,0
FI,Finland,1995,0
FI,Finland,1991,0
FR,France,2023,0.1
FR,France,2022,0.1
FR,France,2021,0.1
FR,France,2020,0.1
FR,France,2019,0.1
FR,France,2018,0
FR,France,2017,0
FR,France,2016,0.1
FR,France,2015,0.1
FR,France,2014,0
FR,France,2013,0.1
FR,France,2012,0.1
FR,France,2011,0
FR,France,2010,0.1
FR,France,2009,0.1
FR,France,2008,0
FR,France,2007,0
FR,France,2006,0
FR,France,2005,0.1
FR,France,2004,0.1
FR,France,2003,0.2
FR,France,2002,0
FR,France,2001,0
FR,France,2000,0
FR,France,1999,0
FR,France,1998,0
FR,France,1997,0.2
FR,France,1996,0.2
FR,France,1990,0.2
GA,Gabon,2017,3.8
GA,Gabon,2005,9.2
GM,"Gambia, The",2020,22
GM,"Gambia, The",2015,17.1
GM,"Gambia, The",2010,34.2
GM,"Gambia, The",2003,55.2
GM,"Gambia, The",1998,78
GE,Georgia,2023,5.8
GE,Georgia,2022,7.7
GE,Georgia,2021,10.8
GE,Georgia,2020,12
GE,Georgia,2019,9.7
GE,Georgia,2018,11
GE,Georgia,2017,11.1
GE,Georgia,2016,10.5
GE,Georgia,2015,10.6
GE,Georgia,2014,12
GE,Georgia,2013,14.9
GE,Georgia,2012,18.8
GE,Georgia,2011,21.6
GE,Georgia,2010,23.6
GE,Georgia,2009,21.1
GE,Georgia,2008,21.7
GE,Georgia,2007,23.9
GE,Georgia,2006,22.5
GE,Georgia,2005,22.3
GE,Georgia,2004,20.9
GE,Georgia,2003,22.3
GE,Georgia,2002,22.3
GE,Georgia,2001,36.7
GE,Georgia,2000,35
GE,Georgia,1999,32.7
GE,Georgia,1998,26.8
GE,Georgia,1997,28.2
GE,Georgia,1996,12.2
DE,Germany,2020,0.2
DE,Germany,2019,0.2
DE,Germany,2018,0
DE,Germany,2017,0.2
DE,Germany,2016,0
DE,Germany,2015,0
DE,Germany,2014,0
DE,Germany,2013,0
DE,Germany,2012,0
DE,Germany,2011,0
DE,Germany,2010,0
DE,Germany,2009,0
DE,Germany,2008,0
DE,Germany,2007,0
DE,Germany,2006,0
DE,Germany,2005,0
DE,Germany,2004,0
DE,Germany,2003,0.2
DE,Germany,2002,0
DE,Germany,2001,0
DE,Germany,2000,0
DE,Germany,1999,0
DE,Germany,1998,0
DE,Germany,1997,0
DE,Germany,1996,0
DE,Germany,1995,0.2
DE,Germany,1994,0.2
DE,Germany,1993,0
DE,Germany,1992,0.2
DE,Germany,1991,0
GH,Ghana,2016,39
GH,Ghana,2012,41.8
GH,Ghana,2005,60.9
GH,Ghana,1998,65.3
GH,Ghana,1991,80.4
GR,Greece,2023,0.6
GR,Greece,2022,0.6
GR,Greece,2021,0.7
GR,Greece,2020,1.1
GR,Greece,2019,1
GR,Greece,2018,0.2
GR,Greece,2017,1.1
GR,Greece,2016,1.4
GR,Greece,2015,2
GR,Greece,2014,2
GR,Greece,2013,1.5
GR,Greece,2012,2.1
GR,Greece,2011,1.5
GR,Greece,2010,1.1
GR,Greece,2009,0.6
GR,Greece,2008,0.4
GR,Greece,2007,0.6
GR,Greece,2006,0.7
GR,Greece,2005,0.4
GR,Greece,2004,0.9
GR,Greece,2003,0.6
GR,Greece,2002,0.2
GR,Greece,2000,0.2
GR,Greece,1995,2
GD,Grenada,2018,0.8
GT,Guatemala,2023,9.7
GT,Guatemala,2014,8
GT,Guatemala,2006,10.5
GT,Guatemala,2000,8.8
GT,Guatemala,1998,13.4
GN,Guinea,2018,11.7
GN,Guinea,2012,21.3
GN,Guinea,2007,44
GN,Guinea,2002,50.3
GN,Guinea,1994,37.5
GN,Guinea,1991,86.4
GW,Guinea-Bissau,2021,39.9
GW,Guinea-Bissau,2018,37.1
GW,Guinea-Bissau,2010,75.7
GW,Guinea-Bissau,2002,68.2
GW,Guinea-Bissau,1993,52.8
GW,Guinea-Bissau,1991,50.8
GY,Guyana,1998,13
GY,Guyana,1992,33.3
HT,Haiti,2012,40.4
HT,Haiti,2001,75.1
HN,Honduras,2023,17
HN,Honduras,2019,18.8
HN,Honduras,2018,19.8
HN,Honduras,2017,19.3
HN,Honduras,2016,19.8
HN,Honduras,2015,19.9
HN,Honduras,2014,20.6
HN,Honduras,2013,20.8
HN,Honduras,2012,24
HN,Honduras,2011,20.1
HN,Honduras,2010,19.6
HN,Honduras,2009,18.1
HN,Honduras,2008,20.9
HN,Honduras,2007,22
HN,Honduras,2006,27.3
HN,Honduras,2005,31.3
HN,Honduras,2004,33.3
HN,Honduras,2003,34
HN,Honduras,2002,29
HN,Honduras,2001,26.5
HN,Honduras,1999,32.1
HN,Honduras,1998,32.3
HN,Honduras,1997,27.5
HN,Honduras,1996,38.2
HN,Honduras,1995,34.4
HN,Honduras,1994,32.9
HN,Honduras,1993,31.3
HN,Honduras,1992,36.5
HN,Honduras,1991,41.3
HN,Honduras,1990,51.7
HU,Hungary,2017,0.9
HU,Hungary,2016,1.6
HU,Hungary,2015,1
HU,Hungary,2014,1
HU,Hungary,2013,0.5
HU,Hungary,2012,0.5
HU,Hungary,2011,0.2
HU,Hungary,2010,0.2
HU,Hungary,2009,0.1
HU,Hungary,2008,0.1
HU,Hungary,2007,0.2
HU,Hungary,2006,0.2
HU,Hungary,2005,1
HU,Hungary,2004,0.3
HU,Hungary,2003,0.2
HU,Hungary,2002,0.1
HU,Hungary,2001,0
HU,Hungary,2000,0.1
HU,Hungary,1999,0.7
HU,Hungary,1998,0.4
HU,Hungary,1994,1.9
HU,Hungary,1993,0
HU,Hungary,1991,2.2
IS,Iceland,2019,0.1
IS,Iceland,2018,0.3
IS,Iceland,2017,0
IS,Iceland,2016,0
IS,Iceland,2015,0
IS,Iceland,2014,0
IS,Iceland,2013,0.1
IS,Iceland,2012,0
IS,Iceland,2011,0.2
IS,Iceland,2010,0.1
IS,Iceland,2009,0.1
IS,Iceland,2008,0.1
IS,Iceland,2007,0.1
IS,Iceland,2006,0.2
IS,Iceland,2005,0
IS,Iceland,2004,0.2
IS,Iceland,2003,0
IN,India,2022,5.3
IN,India,2011,27.1
IN,India,2009,34.6
IN,India,2004,46.4
IN,India,1993,47.5
ID,Indonesia,2023,6.7
ID,Indonesia,2022,7.9
ID,Indonesia,2021,8.6
ID,Indonesia,2020,9.8
ID,Indonesia,2019,10.8
ID,Indonesia,2018,12.5
ID,Indonesia,2017,14.8
ID,Indonesia,2016,18
ID,Indonesia,2015,21.6
ID,Indonesia,2014,25.7
ID,Indonesia,2013,27.2
ID,Indonesia,2012,26.6
ID,Indonesia,2011,31.2
ID,Indonesia,2010,34.1
ID,Indonesia,2009,37.9
ID,Indonesia,2008,38
ID,Indonesia,2007,41.1
ID,Indonesia,2006,46.8
ID,Indonesia,2005,41.1
ID,Indonesia,2004,45.4
ID,Indonesia,2003,45.5
ID,Indonesia,2002,46.8
ID,Indonesia,2001,62.3
ID,Indonesia,2000,65.7
ID,Indonesia,1999,66.2
ID,Indonesia,1998,82.8
ID,Indonesia,1996,68.1
ID,Indonesia,1993,78
ID,Indonesia,1990,78.6
IR,"Iran, Islamic Rep.",2023,2.5
IR,"Iran, Islamic Rep.",2022,2.8
IR,"Iran, Islamic Rep.",2021,3.7
IR,"Iran, Islamic Rep.",2020,4.6
IR,"Iran, Islamic Rep.",2019,4.3
IR,"Iran, Islamic Rep.",2018,3.2
IR,"Iran, Islamic Rep.",2017,2.7
IR,"Iran, Islamic Rep.",2016,3
IR,"Iran, Islamic Rep.",2015,3
IR,"Iran, Islamic Rep.",2014,3.3
IR,"Iran, Islamic Rep.",2013,1.9
IR,"Iran, Islamic Rep.",2012,1.8
IR,"Iran, Islamic Rep.",2011,2.3
IR,"Iran, Islamic Rep.",2009,4.9
IR,"Iran, Islamic Rep.",2006,4.5
IR,"Iran, Islamic Rep.",2005,4.5
IR,"Iran, Islamic Rep.",1998,15.2
IR,"Iran, Islamic Rep.",1994,15.8
IR,"Iran, Islamic Rep.",1990,21.6
IQ,Iraq,2023,0.5
IQ,Iraq,2012,0.6
IQ,Iraq,2006,0.6
IE,Ireland,2023,0.1
IE,Ireland,2022,0.2
IE,Ireland,2021,0.1
IE,Ireland,2020,0.2
IE,Ireland,2019,0.1
IE,Ireland,2018,0.1
IE,Ireland,2017,0.3
IE,Ireland,2016,0.3
IE,Ireland,2015,0.4
IE,Ireland,2014,0.4
IE,Ireland,2013,0.7
IE,Ireland,2012,0.5
IE,Ireland,2011,0.7
IE,Ireland,2010,0.7
IE,Ireland,2009,0.6
IE,Ireland,2008,0.2
IE,Ireland,2007,0.1
IE,Ireland,2006,0.5
IE,Ireland,2005,0.1
IE,Ireland,2004,0.1
IE,Ireland,2003,0.2
IE,Ireland,2002,0.2
IE,Ireland,2000,0.2
IE,Ireland,1996,0.2
IE,Ireland,1995,0.5
IE,Ireland,1994,0.5
IL,Israel,2021,0.7
IL,Israel,2020,0.7
IL,Israel,2019,1
IL,Israel,2018,0.7
IL,Israel,2017,0.7
IL,Israel,2016,0.5
IL,Israel,2015,0.5
IL,Israel,2014,0.7
IL,Israel,2013,0.5
IL,Israel,2012,0.7
IL,Israel,2011,0.3
IL,Israel,2010,0.5
IL,Israel,2009,0.7
IL,Israel,2008,0.7
IL,Israel,2007,0.5
IL,Israel,2006,0.5
IL,Israel,2005,1
IL,Israel,2004,1
IL,Israel,2003,0.9
IL,Israel,2002,0.7
IL,Israel,2001,0.2
IL,Israel,1997,0.5
IL,Israel,1992,0.2
IT,Italy,2023,0.9
IT,Italy,2022,0.7
IT,Italy,2021,0.9
IT,Italy,2020,0.9
IT,Italy,2019,1
IT,Italy,2018,1.7
IT,Italy,2017,1.5
IT,Italy,2016,1.8
IT,Italy,2015,2.1
IT,Italy,2014,1.4
IT,Italy,2013,1.6
IT,Italy,2012,1.4
IT,Italy,2011,1.3
IT,Italy,2010,1.4
IT,Italy,2009,1.1
IT,Italy,2008,0.9
IT,Italy,2007,0.8
IT,Italy,2006,0.8
IT,Italy,2005,0.8
IT,Italy,2004,0.8
IT,Italy,2003,0.9
IT,Italy,2002,1.7
IT,Italy,2000,1.2
IT,Italy,1998,1.7
IT,Italy,1995,0.7
IT,Italy,1993,1.4
IT,Italy,1991,0.2
JM,Jamaica,2021,1.4
JM,Jamaica,2018,0.4
JM,Jamaica,2004,4.5
JM,Jamaica,2002,6.4
JM,Jamaica,1999,5.7
JM,Jamaica,1996,8.3
JM,Jamaica,1993,20.5
JM,Jamaica,1990,11.6
JP,Japan,2020,1.2
JP,Japan,2019,1.2
JP,Japan,2018,1
JP,Japan,2017,0.6
JP,Japan,2016,0.7
JP,Japan,2015,0.4
JP,Japan,2014,0.7
JP,Japan,2013,1
JP,Japan,2012,1.5
JP,Japan,2011,0.5
JP,Japan,2010,0.7
JP,Japan,2009,0.9
JP,Japan,2008,1
JO,Jordan,2010,0.1
JO,Jordan,2008,0.1
JO,Jordan,2006,0.3
JO,Jordan,2002,1
JO,Jordan,1997,0
JO,Jordan,1992,1.1
KZ,Kazakhstan,2021,0
KZ,Kazakhstan,2020,0
KZ,Kazakhstan,2019,0.1
KZ,Kazakhstan,2018,0.1
KZ,Kazakhstan,2017,0.1
KZ,Kazakhstan,2016,0.2
KZ,Kazakhstan,2015,0.1
KZ,Kazakhstan,2014,0.1
KZ,Kazakhstan,2013,0.1
KZ,Kazakhstan,2012,0.1
KZ,Kazakhstan,2011,0.2
KZ,Kazakhstan,2010,0.5
KZ,Kazakhstan,2009,0.8
KZ,Kazakhstan,2008,0.8
KZ,Kazakhstan,2007,1.1
KZ,Kazakhstan,2006,2.4
KZ,Kazakhstan,2005,14.6
KZ,Kazakhstan,2004,7.6
KZ,Kazakhstan,2003,12.3
KZ,Kazakhstan,2002,16.2
KZ,Kazakhstan,2001,20.7
KZ,Kazakhstan,1996,14.6
KZ,Kazakhstan,1993,14.6
KE,Kenya,2022,46.9
KE,Kenya,2021,46.4
KE,Kenya,2020,44.4
KE,Kenya,2015,37.7
KE,Kenya,2005,44.6
KE,Kenya,1997,32.6
KE,Kenya,1994,32
KE,Kenya,1992,32
KI,Kiribati,2019,6.1
KI,Kiribati,2006,21.3
KR,"Korea, Rep.",2021,0.2
KR,"Korea, Rep.",2020,0
KR,"Korea, Rep.",2019,0.2
KR,"Korea, Rep.",2018,0.2
KR,"Korea, Rep.",2017,0.2
KR,"Korea, Rep.",2016,0.2
KR,"Korea, Rep.",2014,0.2
KR,"Korea, Rep.",2012,0.5
KR,"Korea, Rep.",2010,0.5
KR,"Korea, Rep.",2008,0.5
KR,"Korea, Rep.",2006,0.5
XK,Kosovo,2022,10
XK,Kosovo,2021,25
XK,Kosovo,2020,16.8
XK,Kosovo,2019,11.3
XK,Kosovo,2018,20.7
XK,Kosovo,2017,15.2
XK,Kosovo,2016,2
XK,Kosovo,2015,2.4
XK,Kosovo,2014,3.3
XK,Kosovo,2013,2.2
XK,Kosovo,2012,3.9
XK,Kosovo,2011,6.6
XK,Kosovo,2010,10.6
XK,Kosovo,2009,10.5
XK,Kosovo,2006,13.5
XK,Kosovo,2005,14.3
XK,Kosovo,2003,11.7
KG,Kyrgyz Republic,2023,2.7
KG,Kyrgyz Republic,2022,4.5
KG,Kyrgyz Republic,2021,5.6
KG,Kyrgyz Republic,2020,9.4
KG,Kyrgyz Republic,2019,4.9
KG,Kyrgyz Republic,2018,5.9
KG,Kyrgyz Republic,2017,8.2
KG,Kyrgyz Republic,2016,8
KG,Kyrgyz Republic,2015,11
KG,Kyrgyz Republic,2014,8.1
KG,Kyrgyz Republic,2013,13.5
KG,Kyrgyz Republic,2012,10.5
KG,Kyrgyz Republic,2011,9.3
KG,Kyrgyz Republic,2010,12.6
KG,Kyrgyz Republic,2009,9.8
KG,Kyrgyz Republic,2008,13.8
KG,Kyrgyz Republic,2007,23.3
KG,Kyrgyz Republic,2006,26
KG,Kyrgyz Republic,2005,36.6
KG,Kyrgyz Republic,2004,32.5
KG,Kyrgyz Republic,2003,56.6
KG,Kyrgyz Republic,2002,58.1
KG,Kyrgyz Republic,2001,61.5
KG,Kyrgyz Republic,2000,66.2
KG,Kyrgyz Republic,1998,43.7
LA,Lao PDR,2018,15.7
LA,Lao PDR,2012,21.7
LA,Lao PDR,2007,36
LA,Lao PDR,2002,43.1
LA,Lao PDR,1997,62
LA,Lao PDR,1992,42.1
LV,Latvia,2023,0.4
LV,Latvia,2022,0.4
LV,Latvia,2021,0.5
LV,Latvia,2020,0.5
LV,Latvia,2019,0.3
LV,Latvia,2018,0.6
LV,Latvia,2017,1
LV,Latvia,2016,1
LV,Latvia,2015,1
LV,Latvia,2014,1.1
LV,Latvia,2013,1.5
LV,Latvia,2012,1.4
LV,Latvia,2011,1.7
LV,Latvia,2010,2.6
LV,Latvia,2009,2.6
LV,Latvia,2008,1.6
LV,Latvia,2007,0.8
LV,Latvia,2006,1.9
LV,Latvia,2005,3.1
LV,Latvia,2004,3.7
LV,Latvia,2003,1.5
LV,Latvia,2002,1.5
LV,Latvia,1998,3.3
LV,Latvia,1997,3.5
LV,Latvia,1996,3.8
LV,Latvia,1995,2.2
LV,Latvia,1993,0
LB,Lebanon,2022,5.9
LB,Lebanon,2011,0.1
LS,Lesotho,2017,41.9
LS,Lesotho,2002,74.9
LS,Lesotho,1994,59.6
LR,Liberia,2016,33.6
LR,Liberia,2014,31.7
LR,Liberia,2007,61.1
LT,Lithuania,2023,1.1
LT,Lithuania,2022,0.8
LT,Lithuania,2021,0.3
LT,Lithuania,2020,0.5
LT,Lithuania,2019,0.6
LT,Lithuania,2018,1
LT,Lithuania,2017,1.2
LT,Lithuania,2016,1.5
LT,Lithuania,2015,1
LT,Lithuania,2014,1.7
LT,Lithuania,2013,1.2
LT,Lithuania,2012,1.1
LT,Lithuania,2011,0.9
LT,Lithuania,2010,2
LT,Lithuania,2009,2.7
LT,Lithuania,2008,1.8
LT,Lithuania,2007,1.6
LT,Lithuania,2006,1.8
LT,Lithuania,2005,2.7
LT,Lithuania,2004,4
LT,Lithuania,2003,0.4
LT,Lithuania,2002,1.4
LT,Lithuania,2001,1.6
LT,Lithuania,2000,1.2
LT,Lithuania,1999,1.3
LT,Lithuania,1998,1
LT,Lithuania,1996,0.2
LT,Lithuania,1993,14.3
LU,Luxembourg,2023,0.1
LU,Luxembourg,2022,0.1
LU,Luxembourg,2021,0.1
LU,Luxembourg,2020,0
LU,Luxembourg,2019,0.1
LU,Luxembourg,2018,0.3
LU,Luxembourg,2017,0.3
LU,Luxembourg,2016,0.1
LU,Luxembourg,2015,0.3
LU,Luxembourg,2014,0.2
LU,Luxembourg,2013,0.1
LU,Luxembourg,2012,0
LU,Luxembourg,2011,0.1
LU,Luxembourg,2010,0
LU,Luxembourg,2009,0
LU,Luxembourg,2008,0
LU,Luxembourg,2007,0
LU,Luxembourg,2006,0
LU,Luxembourg,2005,0
LU,Luxembourg,2004,0
LU,Luxembourg,2003,0.1
LU,Luxembourg,2002,0
LU,Luxembourg,2001,0
LU,Luxembourg,2000,0
LU,Luxembourg,1999,0
LU,Luxembourg,1998,0
LU,Luxembourg,1997,0
LU,Luxembourg,1996,0
LU,Luxembourg,1995,0
LU,Luxembourg,1994,0
LU,Luxembourg,1993,0
LU,Luxembourg,1992,0
LU,Luxembourg,1991,0
LU,Luxembourg,1990,0
MG,Madagascar,2021,69.2
MG,Madagascar,2012,67.3
MG,Madagascar,2010,65.3
MG,Madagascar,2005,55.3
MG,Madagascar,2001,57.5
MG,Madagascar,1999,78.5
MG,Madagascar,1997,80.7
MG,Madagascar,1993,83.1
MW,Malawi,2019,75.4
MW,Malawi,2016,71.7
MW,Malawi,2010,72.9
MW,Malawi,2004,74.4
MW,Malawi,1997,64.6
MY,Malaysia,2021,0
MY,Malaysia,2018,0
MY,Malaysia,2015,0.1
MY,Malaysia,2013,0.1
MY,Malaysia,2011,0.4
MY,Malaysia,2008,1.5
MY,Malaysia,2006,1.7
MY,Malaysia,2003,3.2
MY,Malaysia,1997,1.7
MY,Malaysia,1995,5.2
MY,Malaysia,1992,5
MV,Maldives,2019,0
MV,Maldives,2016,0.1
MV,Maldives,2009,13.1
MV,Maldives,2002,18.8
ML,Mali,2021,36.1
ML,Mali,2018,29.4
ML,Mali,2009,63.3
ML,Mali,2006,64
ML,Mali,2001,68.6
ML,Mali,1994,89.4
MT,Malta,2022,0.1
MT,Malta,2021,0.1
MT,Malta,2020,0.4
MT,Malta,2019,0.3
MT,Malta,2018,0.2
MT,Malta,2017,0.2
MT,Malta,2016,0.1
MT,Malta,2015,0.1
MT,Malta,2014,0
MT,Malta,2013,0
MT,Malta,2012,0.2
MT,Malta,2011,0.2
MT,Malta,2010,0.3
MT,Malta,2009,0.5
MT,Malta,2008,0.2
MT,Malta,2007,0.5
MT,Malta,2006,0.5
MH,Marshall Islands,2019,2.1
MR,Mauritania,2019,10.2
MR,Mauritania,2014,11.7
MR,Mauritania,2008,19.2
MR,Mauritania,2004,28.5
MR,Mauritania,2000,30.7
MR,Mauritania,1995,31.7
MR,Mauritania,1993,54.1
MU,Mauritius,2017,0.5
MU,Mauritius,2012,1.1
MU,Mauritius,2006,1.1
MX,Mexico,2022,2.3
MX,Mexico,2020,4.3
MX,Mexico,2018,3.9
MX,Mexico,2016,4.4
MX,Mexico,2014,7.2
MX,Mexico,2012,7.3
MX,Mexico,2010,8.4
MX,Mexico,2008,10.1
MX,Mexico,2006,9
MX,Mexico,2005,11.7
MX,Mexico,2004,11
MX,Mexico,2002,12.8
MX,Mexico,2000,16.3
MX,Mexico,1998,21.9
MX,Mexico,1996,21.7
MX,Mexico,1994,13.6
MX,Mexico,1992,13.3
FM,"Micronesia, Fed. Sts.",2013,26.1
FM,"Micronesia, Fed. Sts.",2005,15.8
MD,Moldova,2023,0.1
MD,Moldova,2022,0
MD,Moldova,2021,0.2
MD,Moldova,2020,0
MD,Moldova,2019,0
MD,Moldova,2018,0
MD,Moldova,2017,0.1
MD,Moldova,2016,0.2
MD,Moldova,2015,0.1
MD,Moldova,2014,0
MD,Moldova,2013,0.1
MD,Moldova,2012,0.5
MD,Moldova,2011,0.5
MD,Moldova,2010,0.8
MD,Moldova,2009,1.5
MD,Moldova,2008,1.7
MD,Moldova,2007,1.6
MD,Moldova,2006,3.4
MD,Moldova,2005,16.6
MD,Moldova,2004,11.6
MD,Moldova,2003,10
MD,Moldova,2002,19.9
MD,Moldova,2001,32.2
MD,Moldova,2000,41
MD,Moldova,1999,44
MD,Moldova,1998,31.9
MD,Moldova,1997,19.1
MN,Mongolia,2022,0.4
MN,Mongolia,2018,1.7
MN,Mongolia,2016,1.9
MN,Mongolia,2014,0.8
MN,Mongolia,2012,1.1
MN,Mongolia,2011,2.2
MN,Mongolia,2010,3.5
MN,Mongolia,2007,4
MN,Mongolia,2002,18.7
MN,Mongolia,1998,39.7
MN,Mongolia,1995,22.1
ME,Montenegro,2021,2.5
ME,Montenegro,2020,2.2
ME,Montenegro,2019,2.5
ME,Montenegro,2018,3.9
ME,Montenegro,2017,4.6
ME,Montenegro,2016,3.3
ME,Montenegro,2015,3.6
ME,Montenegro,2014,3.9
ME,Montenegro,2013,5.2
ME,Montenegro,2012,5.6
ME,Montenegro,2011,0.4
ME,Montenegro,2010,0
ME,Montenegro,2009,0
ME,Montenegro,2008,0.3
ME,Montenegro,2007,0.4
ME,Montenegro,2006,0.4
ME,Montenegro,2005,0.4
MA,Morocco,2013,3.7
MA,Morocco,2006,9.4
MA,Morocco,2000,16.8
MA,Morocco,1998,17.5
MA,Morocco,1990,11.2
MZ,Mozambique,2022,81.4
MZ,Mozambique,2019,81.6
MZ,Mozambique,2014,74.4
MZ,Mozambique,2008,81.1
MZ,Mozambique,2002,87.6
MZ,Mozambique,1996,87.7
MM,Myanmar,2017,10.3
MM,Myanmar,2015,18.2
NA,Namibia,2015,22.9
NA,Namibia,2009,38.6
NA,Namibia,2003,47.6
NA,Namibia,1993,60.3
NR,Nauru,2012,9.7
NP,Nepal,2022,2.4
NP,Nepal,2010,21.5
NP,Nepal,2003,55.7
NP,Nepal,1995,70.7
NL,Netherlands,2021,0.1
NL,Netherlands,2020,0
NL,Netherlands,2019,0.1
NL,Netherlands,2018,0.1
NL,Netherlands,2017,0.2
NL,Netherlands,2016,0.1
NL,Netherlands,2015,0.1
NL,Netherlands,2014,0.1
NL,Netherlands,2013,0.1
NL,Netherlands,2012,0.1
NL,Netherlands,2011,0.1
NL,Netherlands,2010,0
NL,Netherlands,2009,0.2
NL,Netherlands,2008,0.2
NL,Netherlands,2007,0
NL,Netherlands,2006,0
NL,Netherlands,2005,0.1
NL,Netherlands,2004,0.3
NL,Netherlands,1999,0.2
NL,Netherlands,1993,1.5
NL,Netherlands,1990,1.2
NI,Nicaragua,2014,6.6
NI,Nicaragua,2009,13.9
NI,Nicaragua,2005,16.5
NI,Nicaragua,2001,26.3
NI,Nicaragua,1998,34.7
NI,Nicaragua,1993,47.1
NE,Niger,2021,60.5
NE,Niger,2018,59
NE,Niger,2014,60.3
NE,Niger,2011,68.8
NE,Niger,2007,82.9
NE,Niger,2005,83.8
NE,Niger,1994,88.9
NE,Niger,1992,88
NG,Nigeria,2022,41.8
NG,Nigeria,2018,34.2
NG,Nigeria,2015,35.8
NG,Nigeria,2012,37.4
NG,Nigeria,2010,38.5
NG,Nigeria,2003,51.1
NG,Nigeria,1996,60.9
NG,Nigeria,1992,55.2
MK,North Macedonia,2019,3.9
MK,North Macedonia,2018,4.3
MK,North Macedonia,2017,5.6
MK,North Macedonia,2016,5.7
MK,North Macedonia,2015,7
MK,North Macedonia,2014,6.4
MK,North Macedonia,2013,7.4
MK,North Macedonia,2012,9.1
MK,North Macedonia,2011,10.9
MK,North Macedonia,2010,12.8
MK,North Macedonia,2009,12.1
MK,North Macedonia,2008,1.4
MK,North Macedonia,2006,4.6
MK,North Macedonia,2005,3.1
MK,North Macedonia,2004,1.4
MK,North Macedonia,2003,2.8
MK,North Macedonia,2002,3
MK,North Macedonia,2000,11.7
MK,North Macedonia,1998,3.3
NO,Norway,2023,0.2
NO,Norway,2022,0.3
NO,Norway,2021,0.2
NO,Norway,2020,0.3
NO,Norway,2019,0.2
NO,Norway,2018,0.3
NO,Norway,2017,0.3
NO,Norway,2016,0.3
NO,Norway,2015,0.2
NO,Norway,2014,0.1
NO,Norway,2013,0.2
NO,Norway,2012,0.1
NO,Norway,2011,0.1
NO,Norway,2010,0.2
NO,Norway,2009,0.1
NO,Norway,2008,0.2
NO,Norway,2007,0.2
NO,Norway,2006,0.2
NO,Norway,2005,0.2
NO,Norway,2004,0.3
NO,Norway,2003,0.2
NO,Norway,2000,0.2
NO,Norway,1995,0.5
NO,Norway,1991,0.5
PK,Pakistan,2018,16.5
PK,Pakistan,2015,16.9
PK,Pakistan,2013,21.2
PK,Pakistan,2011,25.9
PK,Pakistan,2010,26.7
PK,Pakistan,2007,34.9
PK,Pakistan,2005,40.8
PK,Pakistan,2004,40.9
PK,Pakistan,2001,56.2
PK,Pakistan,1998,50.3
PK,Pakistan,1996,45.3
PK,Pakistan,1990,79.5
PA,Panama,2023,3.7
PA,Panama,2021,3.3
PA,Panama,2019,2.9
PA,Panama,2018,3.7
PA,Panama,2017,4.3
PA,Panama,2016,4.8
PA,Panama,2015,4.8
PA,Panama,2014,6.4
PA,Panama,2013,5.9
PA,Panama,2012,7.4
PA,Panama,2011,6.1
PA,Panama,2010,7.7
PA,Panama,2009,6.6
PA,Panama,2008,9
PA,Panama,2007,13
PA,Panama,2006,15.7
PA,Panama,2005,14.5
PA,Panama,2004,15.5
PA,Panama,2003,16.8
PA,Panama,2002,17.2
PA,Panama,2001,20.8
PA,Panama,2000,16.3
PA,Panama,1999,17.7
PA,Panama,1998,19.8
PA,Panama,1997,19.9
PA,Panama,1995,21.1
PA,Panama,1991,27.1
PG,Papua New Guinea,2009,52.2
PG,Papua New Guinea,1996,62.8
PY,Paraguay,2023,2.4
PY,Paraguay,2022,3.2
PY,Paraguay,2021,1.9
PY,Paraguay,2020,2.6
PY,Paraguay,2019,2.4
PY,Paraguay,2018,3.1
PY,Paraguay,2017,2.4
PY,Paraguay,2016,4.2
PY,Paraguay,2015,4.2
PY,Paraguay,2014,4.3
PY,Paraguay,2013,4.1
PY,Paraguay,2012,6.4
PY,Paraguay,2011,8.9
PY,Paraguay,2010,9.4
PY,Paraguay,2009,9.1
PY,Paraguay,2008,7.9
PY,Paraguay,2007,12.6
PY,Paraguay,2006,14.1
PY,Paraguay,2005,10.1
PY,Paraguay,2004,10.7
PY,Paraguay,2003,13.8
PY,Paraguay,2002,19.6
PY,Paraguay,2001,13.5
PY,Paraguay,1999,15
PY,Paraguay,1997,14.9
PY,Paraguay,1995,18.3
PY,Paraguay,1990,2.5
PE,Peru,2023,5.9
PE,Peru,2022,4.8
PE,Peru,2021,5.2
PE,Peru,2020,10.3
PE,Peru,2019,5.4
PE,Peru,2018,6.1
PE,Peru,2017,7.3
PE,Peru,2016,7.5
PE,Peru,2015,8
PE,Peru,2014,8
PE,Peru,2013,8.6
PE,Peru,2012,9.5
PE,Peru,2011,10.3
PE,Peru,2010,11.2
PE,Peru,2009,13.7
PE,Peru,2008,15.8
PE,Peru,2007,18.9
PE,Peru,2006,21.8
PE,Peru,2005,25.4
PE,Peru,2004,23.5
PE,Peru,2003,22.5
PE,Peru,2002,24.4
PE,Peru,2001,27.4
PE,Peru,2000,25.5
PE,Peru,1999,26.3
PE,Peru,1998,25.7
PE,Peru,1997,26.9
PE,Peru,1994,25.7
PH,Philippines,2023,5.3
PH,Philippines,2021,8.1
PH,Philippines,2018,8.3
PH,Philippines,2015,14.6
PH,Philippines,2012,21.3
PH,Philippines,2009,22
PH,Philippines,2006,26.1
PH,Philippines,2003,24.3
PH,Philippines,2000,25.9
PH,Philippines,1997,30.7
PH,Philippines,1994,38.8
PH,Philippines,1991,40.6
PL,Poland,2023,0.2
PL,Poland,2022,0.3
PL,Poland,2021,0.1
PL,Poland,2020,0.2
PL,Poland,2019,0.1
PL,Poland,2018,0.3
PL,Poland,2017,0.4
PL,Poland,2016,0.4
PL,Poland,2015,0.5
PL,Poland,2014,0.6
PL,Poland,2013,0.6
PL,Poland,2012,0.4
PL,Poland,2011,0.6
PL,Poland,2010,0.6
PL,Poland,2009,0.6
PL,Poland,2008,0.3
PL,Poland,2007,0.6
PL,Poland,2006,0.9
PL,Poland,2005,1.4
PL,Poland,2004,2.8
PL,Poland,2003,0.2
PL,Poland,2002,0.3
PL,Poland,2001,0.4
PL,Poland,2000,0.3
PL,Poland,1999,1
PL,Poland,1998,0.2
PL,Poland,1996,9
PL,Poland,1995,2.5
PL,Poland,1993,0
PL,Poland,1992,0.2
PT,Portugal,2023,0.4
PT,Portugal,2022,0.2
PT,Portugal,2021,0.3
PT,Portugal,2020,0.6
PT,Portugal,2019,0.2
PT,Portugal,2018,0.4
PT,Portugal,2017,0.4
PT,Portugal,2016,0.4
PT,Portugal,2015,0.7
PT,Portugal,2014,0.8
PT,Portugal,2013,1
PT,Portugal,2012,0.9
PT,Portugal,2011,0.6
PT,Portugal,2010,0.2
PT,Portugal,2009,0.2
PT,Portugal,2008,0.3
PT,Portugal,2007,0.6
PT,Portugal,2006,0.2
PT,Portugal,2005,0.7
PT,Portugal,2004,0.7
PT,Portugal,2003,1.1
QA,Qatar,2017,0
RO,Romania,2023,0.7
RO,Romania,2022,1.5
RO,Romania,2021,2
RO,Romania,2020,2.4
RO,Romania,2019,3.1
RO,Romania,2018,3.7
RO,Romania,2017,4.9
RO,Romania,2016,5.2
RO,Romania,2015,7.6
RO,Romania,2014,8.9
RO,Romania,2013,8.7
RO,Romania,2012,8.4
RO,Romania,2011,7.1
RO,Romania,2010,6.3
RO,Romania,2009,5.3
RO,Romania,2008,6
RO,Romania,2007,8.1
RO,Romania,2006,11.1
RO,Romania,2005,4.2
RO,Romania,2004,5.3
RO,Romania,2003,7
RO,Romania,2002,9.1
RO,Romania,2001,9.5
RO,Romania,2000,11.9
RO,Romania,1999,10.9
RO,Romania,1998,3.6
RO,Romania,1997,4.2
RO,Romania,1995,3.5
RO,Romania,1994,18.4
RO,Romania,1992,0
RU,Russian Federation,2023,0.1
RU,Russian Federation,2022,0.1
RU,Russian Federation,2021,0.2
RU,Russian Federation,2020,0.1
RU,Russian Federation,2019,0.3
RU,Russian Federation,2018,0.2
RU,Russian Federation,2017,0.4
RU,Russian Federation,2016,0.4
RU,Russian Federation,2015,0.4
RU,Russian Federation,2014,0.4
RU,Russian Federation,2013,0.1
RU,Russian Federation,2012,0.1
RU,Russian Federation,2011,0.1
RU,Russian Federation,2010,0.2
RU,Russian Federation,2009,0.2
RU,Russian Federation,2008,0.2
RU,Russian Federation,2007,0.4
RU,Russian Federation,2006,0.9
RU,Russian Federation,2005,1.4
RU,Russian Federation,2004,1.8
RU,Russian Federation,2003,2.1
RU,Russian Federation,2002,2
RU,Russian Federation,2001,3.2
RU,Russian Federation,2000,5.1
RU,Russian Federation,1999,7.2
RU,Russian Federation,1998,4
RU,Russian Federation,1997,2.7
RU,Russian Federation,1996,7.1
RU,Russian Federation,1993,6.2
RW,Rwanda,2023,38.6
RW,Rwanda,2016,63.8
RW,Rwanda,2013,65.2
RW,Rwanda,2010,70.2
RW,Rwanda,2005,74.2
RW,Rwanda,2000,82.3
WS,Samoa,2013,4.5
WS,Samoa,2008,3.7
WS,Samoa,2002,5.9
ST,Sao Tome and Principe,2017,13
ST,Sao Tome and Principe,2010,18.9
ST,Sao Tome and Principe,2000,17.3
SN,Senegal,2021,17.9
SN,Senegal,2018,19.1
SN,Senegal,2011,53.3
SN,Senegal,2005,53.6
SN,Senegal,2001,63.9
SN,Senegal,1994,72.2
SN,Senegal,1991,77.3
RS,Serbia,2022,2
RS,Serbia,2021,1.7
RS,Serbia,2020,2
RS,Serbia,2019,2.7
RS,Serbia,2018,4.2
RS,Serbia,2017,6.6
RS,Serbia,2016,8.1
RS,Serbia,2015,8.4
RS,Serbia,2014,8.9
RS,Serbia,2013,7.8
RS,Serbia,2012,7.1
RS,Serbia,2010,0.3
RS,Serbia,2009,0.6
RS,Serbia,2008,0.3
RS,Serbia,2007,0.6
RS,Serbia,2006,0.9
RS,Serbia,2005,1.6
RS,Serbia,2004,1.2
RS,Serbia,2003,0.9
RS,Serbia,2002,0.4
SC,Seychelles,2018,0.7
SC,Seychelles,2013,1.6
SC,Seychelles,2006,0.6
SC,Seychelles,1999,1.8
SL,Sierra Leone,2018,41.5
SL,Sierra Leone,2011,53.7
SL,Sierra Leone,2003,72.4
SK,Slovak Republic,2023,0.5
SK,Slovak Republic,2022,0.7
SK,Slovak Republic,2021,0.3
SK,Slovak Republic,2020,0.3
SK,Slovak Republic,2019,0.2
SK,Slovak Republic,2018,0.5
SK,Slovak Republic,2017,0.6
SK,Slovak Republic,2016,1.5
SK,Slovak Republic,2015,0.8
SK,Slovak Republic,2014,0.9
SK,Slovak Republic,2013,0.4
SK,Slovak Republic,2012,0.5
SK,Slovak Republic,2011,0.6
SK,Slovak Republic,2010,0.6
SK,Slovak Republic,2009,0.6
SK,Slovak Republic,2008,0.5
SK,Slovak Republic,2007,0.6
SK,Slovak Republic,2006,0.3
SK,Slovak Republic,2005,0.3
SK,Slovak Republic,2004,0.2
SK,Slovak Republic,1996,1.7
SK,Slovak Republic,1992,0
SI,Slovenia,2023,0
SI,Slovenia,2022,0
SI,Slovenia,2021,0
SI,Slovenia,2020,0
SI,Slovenia,2019,0
SI,Slovenia,2018,0
SI,Slovenia,2017,0
SI,Slovenia,2016,0
SI,Slovenia,2015,0
SI,Slovenia,2014,0
SI,Slovenia,2013,0
SI,Slovenia,2012,0
SI,Slovenia,2011,0
SI,Slovenia,2010,0
SI,Slovenia,2009,0
SI,Slovenia,2008,0
SI,Slovenia,2007,0
SI,Slovenia,2006,0.1
SI,Slovenia,2005,0.1
SI,Slovenia,2004,0.1
SI,Slovenia,2003,0
SI,Slovenia,2002,0.1
SI,Slovenia,1999,0.2
SI,Slovenia,1998,0
SI,Slovenia,1997,0.2
SI,Slovenia,1993,0
SB,Solomon Islands,2012,40.3
SB,Solomon Islands,2005,62.2
ZA,South Africa,2014,31.2
ZA,South Africa,2010,29.5
ZA,South Africa,2008,30.3
ZA,South Africa,2005,42.1
ZA,South Africa,2000,47.9
ZA,South Africa,1993,44.6
SS,South Sudan,2016,76.5
SS,South Sudan,2009,44.9
ES,Spain,2023,0.8
ES,Spain,2022,0.8
ES,Spain,2021,0.7
ES,Spain,2020,1.1
ES,Spain,2019,0.9
ES,Spain,2018,1
ES,Spain,2017,0.8
ES,Spain,2016,1.3
ES,Spain,2015,1.1
ES,Spain,2014,0.9
ES,Spain,2013,1.3
ES,Spain,2012,1
ES,Spain,2011,1.3
ES,Spain,2010,0.7
ES,Spain,2009,0.9
ES,Spain,2008,0.6
ES,Spain,2007,0.6
ES,Spain,2006,0.9
ES,Spain,2005,0.9
ES,Spain,2004,1
ES,Spain,2003,0.9
ES,Spain,2000,0.9
ES,Spain,1999,0.7
ES,Spain,1998,1
ES,Spain,1997,1
ES,Spain,1996,1.5
ES,Spain,1995,1.5
ES,Spain,1994,1.2
ES,Spain,1993,1.5
ES,Spain,1990,0.5
LK,Sri Lanka,2019,2.7
LK,Sri Lanka,2016,3.8
LK,Sri Lanka,2012,6.4
LK,Sri Lanka,2009,7.8
LK,Sri Lanka,2006,12.2
LK,Sri Lanka,2002,20.7
LK,Sri Lanka,1995,23
LK,Sri Lanka,1990,23.4
LC,St. Lucia,2015,0.1
LC,St. Lucia,1995,41.5
SD,Sudan,2014,10.1
SD,Sudan,2009,13.1
SR,Suriname,2022,2.2
SR,Suriname,1999,20.6
SE,Sweden,2023,0.8
SE,Sweden,2022,1.3
SE,Sweden,2021,0.6
SE,Sweden,2020,0.5
SE,Sweden,2019,0.4
SE,Sweden,2018,0.9
SE,Sweden,2017,0.3
SE,Sweden,2016,0.4
SE,Sweden,2015,0.6
SE,Sweden,2014,0.5
SE,Sweden,2013,0.7
SE,Sweden,2012,0.5
SE,Sweden,2011,0.7
SE,Sweden,2010,0.6
SE,Sweden,2009,0.5
SE,Sweden,2008,0.7
SE,Sweden,2007,0.5
SE,Sweden,2006,0.4
SE,Sweden,2005,1.1
SE,Sweden,2004,0.5
SE,Sweden,2003,0.4
SE,Sweden,2002,0
SE,Sweden,2001,0.2
SE,Sweden,2000,0.2
SE,Sweden,1995,0.5
SE,Sweden,1992,0.2
CH,Switzerland,2022,0.2
CH,Switzerland,2021,0
CH,Switzerland,2020,0.1
CH,Switzerland,2019,0
CH,Switzerland,2018,0
CH,Switzerland,2017,0
CH,Switzerland,2016,0
CH,Switzerland,2015,0
CH,Switzerland,2014,0
CH,Switzerland,2013,0
CH,Switzerland,2012,0
CH,Switzerland,2011,0
CH,Switzerland,2010,0.1
CH,Switzerland,2009,0
CH,Switzerland,2008,0.1
CH,Switzerland,2007,0.1
CH,Switzerland,2006,0.1
CH,Switzerland,2004,0.2
CH,Switzerland,2002,0
CH,Switzerland,2000,0.2
CH,Switzerland,1992,0.7
SY,Syrian Arab Republic,2022,16.5
SY,Syrian Arab Republic,2009,0
SY,Syrian Arab Republic,2006,0
SY,Syrian Arab Republic,2003,0.5
SY,Syrian Arab Republic,1996,1.2
TJ,Tajikistan,2023,7.3
TJ,Tajikistan,2022,8.9
TJ,Tajikistan,2021,9.1
TJ,Tajikistan,2015,13.3
TJ,Tajikistan,2009,15.7
TJ,Tajikistan,2007,24.2
TJ,Tajikistan,2004,37.2
TJ,Tajikistan,2003,56
TJ,Tajikistan,1999,79.4
TZ,Tanzania,2018,51.3
TZ,Tanzania,2011,51.5
TZ,Tanzania,2007,61.9
TZ,Tanzania,2000,86.9
TZ,Tanzania,1991,73.5
TH,Thailand,2023,0
TH,Thailand,2022,0
TH,Thailand,2021,0
TH,Thailand,2020,0.1
TH,Thailand,2019,0.1
TH,Thailand,2018,0.1
TH,Thailand,2017,0.1
TH,Thailand,2016,0.1
TH,Thailand,2015,0.1
TH,Thailand,2014,0.2
TH,Thailand,2013,0.2
TH,Thailand,2012,0.4
TH,Thailand,2011,0.3
TH,Thailand,2010,0.7
TH,Thailand,2009,0.8
TH,Thailand,2008,1
TH,Thailand,2007,1.3
TH,Thailand,2006,2.2
TH,Thailand,2004,3.1
TH,Thailand,2002,4.7
TH,Thailand,2000,8.4
TH,Thailand,1999,8.3
TH,Thailand,1998,5.7
TH,Thailand,1996,6.4
TH,Thailand,1994,9.2
TH,Thailand,1992,16.2
TH,Thailand,1990,21.1
TL,Timor-Leste,2014,43.9
TL,Timor-Leste,2007,60.1
TL,Timor-Leste,2001,55.7
TG,Togo,2021,34.4
TG,Togo,2018,35.1
TG,Togo,2015,61.5
TG,Togo,2011,65.2
TG,Togo,2006,67.2
TO,Tonga,2021,0.4
TO,Tonga,2015,4
TO,Tonga,2009,3.6
TO,Tonga,2000,4.6
TT,Trinidad and Tobago,1992,3.2
TN,Tunisia,2021,0.7
TN,Tunisia,2015,0.7
TN,Tunisia,2010,3.1
TN,Tunisia,2005,5.9
TN,Tunisia,2000,10.5
TN,Tunisia,1995,17.4
TN,Tunisia,1990,16.3
TR,Turkiye,2022,0.5
TR,Turkiye,2021,0.9
TR,Turkiye,2020,1.1
TR,Turkiye,2019,1.3
TR,Turkiye,2018,1
TR,Turkiye,2017,1.1
TR,Turkiye,2016,0.9
TR,Turkiye,2015,1.3
TR,Turkiye,2014,1
TR,Turkiye,2013,1.5
TR,Turkiye,2012,1.7
TR,Turkiye,2011,2
TR,Turkiye,2010,2.8
TR,Turkiye,2009,3
TR,Turkiye,2008,3.3
TR,Turkiye,2007,4
TR,Turkiye,2006,4.8
TR,Turkiye,2005,6.5
TR,Turkiye,2004,6.6
TR,Turkiye,2003,10
TR,Turkiye,2002,7.6
TR,Turkiye,1994,10.1
TM,Turkmenistan,1998,35.1
TV,Tuvalu,2010,9
UG,Uganda,2019,59.8
UG,Uganda,2016,60.1
UG,Uganda,2012,56.2
UG,Uganda,2009,63.5
UG,Uganda,2005,72.4
UG,Uganda,2002,78.6
UG,Uganda,1999,80.6
UG,Uganda,1996,78.5
UG,Uganda,1992,79.9
UA,Ukraine,2020,0
UA,Ukraine,2019,0.2
UA,Ukraine,2018,0.2
UA,Ukraine,2017,0.1
UA,Ukraine,2016,0.2
UA,Ukraine,2015,0.3
UA,Ukraine,2014,0
UA,Ukraine,2013,0.1
UA,Ukraine,2012,0.1
UA,Ukraine,2011,0.1
UA,Ukraine,2010,0.1
UA,Ukraine,2009,0.3
UA,Ukraine,2008,0.1
UA,Ukraine,2007,0.5
UA,Ukraine,2006,0.7
UA,Ukraine,2005,1.1
UA,Ukraine,2004,2.8
UA,Ukraine,2003,3.2
UA,Ukraine,2002,6.3
UA,Ukraine,1999,24.8
UA,Ukraine,1996,15.2
UA,Ukraine,1995,14.5
UA,Ukraine,1993,5.1
UA,Ukraine,1992,8.1
AE,United Arab Emirates,2018,0
AE,United Arab Emirates,2013,0
GB,United Kingdom,2021,0.5
GB,United Kingdom,2020,0.5
GB,United Kingdom,2019,0.5
GB,United Kingdom,2018,0.5
GB,United Kingdom,2017,0.2
GB,United Kingdom,2016,0.2
GB,United Kingdom,2015,0.2
GB,United Kingdom,2014,0.2
GB,United Kingdom,2013,0.2
GB,United Kingdom,2012,0.5
GB,United Kingdom,2011,0.2
GB,United Kingdom,2010,0.2
GB,United Kingdom,2009,0.2
GB,United Kingdom,2008,0.2
GB,United Kingdom,2007,0.2
GB,United Kingdom,2006,0.2
GB,United Kingdom,2005,0.2
GB,United Kingdom,2004,0.2
GB,United Kingdom,2003,0.2
GB,United Kingdom,2002,0.2
GB,United Kingdom,2001,0.2
GB,United Kingdom,2000,0.2
GB,United Kingdom,1999,0.2
GB,United Kingdom,1998,0.2
GB,United Kingdom,1997,0.2
GB,United Kingdom,1996,0.2
GB,United Kingdom,1995,0.2
GB,United Kingdom,1994,0.2
GB,United Kingdom,1993,0.2
GB,United Kingdom,1992,0.2
GB,United Kingdom,1991,0.2
GB,United Kingdom,1990,0.2
US,United States,2023,1.2
US,United States,2022,1.2
US,United States,2021,0.5
US,United States,2020,0.5
US,United States,2019,1
US,United States,2018,1
US,United States,2017,1.2
US,United States,2016,1.2
US,United States,2015,1.2
US,United States,2014,1.2
US,United States,2013,1
US,United States,2012,1
US,United States,2011,1
US,United States,2010,1.2
US,United States,2009,1
US,United States,2008,1
US,United States,2007,1
US,United States,2006,1
US,United States,2005,1
US,United States,2004,1
US,United States,2003,1
US,United States,2002,1
US,United States,2001,1
US,United States,2000,0.7
US,United States,1999,0.7
US,United States,1998,0.7
US,United States,1997,0.7
US,United States,1996,0.7
US,United States,1995,0.7
US,United States,1994,0.7
US,United States,1993,0.7
US,United States,1992,0.5
US,United States,1991,0.5
US,United States,1990,0.5
UY,Uruguay,2023,0.2
UY,Uruguay,2022,0.2
UY,Uruguay,2021,0.2
UY,Uruguay,2020,0.3
UY,Uruguay,2019,0.1
UY,Uruguay,2018,0.1
UY,Uruguay,2017,0.1
UY,Uruguay,2016,0.1
UY,Uruguay,2015,0.2
UY,Uruguay,2014,0.2
UY,Uruguay,2013,0.3
UY,Uruguay,2012,0.3
UY,Uruguay,2011,0.2
UY,Uruguay,2010,0.3
UY,Uruguay,2009,0.4
UY,Uruguay,2008,0.4
UY,Uruguay,2007,0.7
UY,Uruguay,2006,1
UY,Uruguay,2005,1.5
UY,Uruguay,2004,1.7
UY,Uruguay,2003,1.5
UY,Uruguay,2002,1.1
UY,Uruguay,2001,0.7
UY,Uruguay,2000,0.8
UY,Uruguay,1998,0.9
UY,Uruguay,1997,0.7
UY,Uruguay,1996,0.9
UY,Uruguay,1995,0.8
UY,Uruguay,1992,0.9
UZ,Uzbekistan,2023,4.1
UZ,Uzbekistan,2022,4.4
UZ,Uzbekistan,2021,4.4
UZ,Uzbekistan,2003,93.3
UZ,Uzbekistan,2002,93.1
UZ,Uzbekistan,2000,93.8
UZ,Uzbekistan,1998,79.8
VU,Vanuatu,2019,19.5
VU,Vanuatu,2010,25.7
VE,"Venezuela, RB",2006,9.7
VE,"Venezuela, RB",2005,18.1
VE,"Venezuela, RB",2004,22.8
VE,"Venezuela, RB",2003,27.1
VE,"Venezuela, RB",2002,22.1
VE,"Venezuela, RB",2001,14.7
VE,"Venezuela, RB",1999,16.7
VE,"Venezuela, RB",1998,14.9
VE,"Venezuela, RB",1995,15.1
VE,"Venezuela, RB",1992,6.9
VN,Viet Nam,2022,1.6
VN,Viet Nam,2020,1.3
VN,Viet Nam,2018,2.2
VN,Viet Nam,2016,2.5
VN,Viet Nam,2014,3.4
VN,Viet Nam,2012,3.7
VN,Viet Nam,2010,5.2
VN,Viet Nam,2008,17.6
VN,Viet Nam,2006,23.7
VN,Viet Nam,2004,30.9
VN,Viet Nam,2002,43.3
VN,Viet Nam,1997,38.1
VN,Viet Nam,1992,57.5
PS,West Bank and Gaza,2023,2.1
PS,West Bank and Gaza,2016,1.4
PS,West Bank and Gaza,2011,0.4
PS,West Bank and Gaza,2010,0.6
PS,West Bank and Gaza,2009,0.6
PS,West Bank and Gaza,2007,2.9
PS,West Bank and Gaza,2006,0.5
PS,West Bank and Gaza,2005,1.3
PS,West Bank and Gaza,2004,1.8
YE,"Yemen, Rep.",2014,33.3
YE,"Yemen, Rep.",2005,21.4
YE,"Yemen, Rep.",1998,15.4
ZM,Zambia,2022,71.7
ZM,Zambia,2015,67.9
ZM,Zambia,2010,71.4
ZM,Zambia,2006,72
ZM,Zambia,2004,68.9
ZM,Zambia,2002,68
ZM,Zambia,1998,56.6
ZM,Zambia,1996,56.1
ZM,Zambia,1993,67.1
ZM,Zambia,1991,63
ZW,Zimbabwe,2019,49.2
ZW,Zimbabwe,2017,44.7
ZW,Zimbabwe,2011,35.7
